Mes,Estacion,afluencia_predicha,delitos_con_violencia,delitos_sin_violencia
2025-04-01,Acatitla,394335.1856710672,6,14
2025-05-01,Acatitla,407402.980778817,11,15
2025-06-01,Acatitla,385459.74877204414,9,15
2025-07-01,Acatitla,384672.5852988522,8,16
2025-08-01,Acatitla,398608.6788580844,5,11
2025-09-01,Acatitla,397421.1268312584,5,17
2025-10-01,Acatitla,438536.4133506584,4,15
2025-11-01,Acatitla,422221.3032114575,11,9
2025-12-01,Acatitla,424238.5645948076,9,9
2026-01-01,Acatitla,407339.7998704092,9,12
2026-02-01,Acatitla,390513.4834302122,4,17
2026-03-01,Acatitla,414148.2186052487,12,17
2025-04-01,Aculco,225676.10676350247,6,9
2025-05-01,Aculco,242001.2692021533,3,8
2025-06-01,Aculco,226838.47587691617,3,7
2025-07-01,Aculco,225583.5999036299,3,5
2025-08-01,Aculco,235722.8128713224,3,7
2025-09-01,Aculco,230153.669487282,4,7
2025-10-01,Aculco,245674.9513728465,4,5
2025-11-01,Aculco,230640.3412261246,3,6
2025-12-01,Aculco,218531.16492473005,4,8
2026-01-01,Aculco,218545.23141405988,2,9
2026-02-01,Aculco,212890.1365352409,3,10
2026-03-01,Aculco,228211.04838861123,3,10
2025-04-01,Agrícola Oriental,279990.9344876824,5,10
2025-05-01,Agrícola Oriental,303919.36805999826,7,9
2025-06-01,Agrícola Oriental,254347.36816460887,3,9
2025-07-01,Agrícola Oriental,268293.2717145877,5,11
2025-08-01,Agrícola Oriental,303345.8512866914,6,7
2025-09-01,Agrícola Oriental,288661.925383224,3,9
2025-10-01,Agrícola Oriental,304643.51523584384,6,13
2025-11-01,Agrícola Oriental,282605.10437143303,3,8
2025-12-01,Agrícola Oriental,304601.8300764274,3,11
2026-01-01,Agrícola Oriental,276868.7713171561,8,10
2026-02-01,Agrícola Oriental,270139.1679111952,7,6
2026-03-01,Agrícola Oriental,280299.74460355134,7,8
2025-04-01,Allende,204474.54566427,3,6
2025-05-01,Allende,192581.5931970297,2,4
2025-06-01,Allende,81003.5442400215,1,1
2025-07-01,Allende,118585.5552053303,2,5
2025-08-01,Allende,224091.74008038372,2,6
2025-09-01,Allende,179728.93293034803,3,6
2025-10-01,Allende,68281.13533982683,0,1
2025-11-01,Allende,226813.1623438897,6,10
2025-12-01,Allende,-149506.5187951129,-2,-4
2026-01-01,Allende,202620.0087669392,4,6
2026-02-01,Allende,237831.7140411453,3,10
2026-03-01,Allende,161497.1376110038,3,7
2025-04-01,Apatlaco,341325.210339512,7,8
2025-05-01,Apatlaco,349751.7917136432,4,15
2025-06-01,Apatlaco,326445.3874299126,9,11
2025-07-01,Apatlaco,344824.7617961874,8,11
2025-08-01,Apatlaco,367830.3693568401,10,8
2025-09-01,Apatlaco,374750.4387713735,10,8
2025-10-01,Apatlaco,411528.94670011423,9,17
2025-11-01,Apatlaco,386028.651035875,10,13
2025-12-01,Apatlaco,387629.0985141132,4,12
2026-01-01,Apatlaco,366035.9010422799,5,15
2026-02-01,Apatlaco,363855.2974209557,3,15
2026-03-01,Apatlaco,372037.9588056568,6,9
2025-04-01,Aquiles Serdán,476111.6630844321,8,18
2025-05-01,Aquiles Serdán,454874.087589218,7,10
2025-06-01,Aquiles Serdán,443759.4619529584,11,18
2025-07-01,Aquiles Serdán,435677.6072626704,7,17
2025-08-01,Aquiles Serdán,418406.9256281098,6,20
2025-09-01,Aquiles Serdán,341653.39280371746,7,7
2025-10-01,Aquiles Serdán,375603.908326739,4,8
2025-11-01,Aquiles Serdán,374515.697163485,9,10
2025-12-01,Aquiles Serdán,335845.48091127514,3,9
2026-01-01,Aquiles Serdán,514979.06716180616,15,14
2026-02-01,Aquiles Serdán,359702.73095350526,9,16
2026-03-01,Aquiles Serdán,412359.3405210029,5,11
2025-04-01,Aragón,181642.0163448064,1,5
2025-05-01,Aragón,195000.56096067704,5,8
2025-06-01,Aragón,189884.34903416937,4,6
2025-07-01,Aragón,184701.3003285811,4,7
2025-08-01,Aragón,194162.85012755884,4,4
2025-09-01,Aragón,202188.7939195205,2,7
2025-10-01,Aragón,196137.45794361128,3,4
2025-11-01,Aragón,201999.0907513824,2,4
2025-12-01,Aragón,191882.7944147894,5,9
2026-01-01,Aragón,194241.0504902018,4,4
2026-02-01,Aragón,193491.0368986421,3,6
2026-03-01,Aragón,207763.2207277653,2,6
2025-04-01,Atlalilco,719365.5676561707,11,21
2025-05-01,Atlalilco,798825.708271272,13,37
2025-06-01,Atlalilco,733913.5029238355,18,15
2025-07-01,Atlalilco,601036.4193750516,13,23
2025-08-01,Atlalilco,515286.2280527244,14,25
2025-09-01,Atlalilco,500538.4451713683,9,18
2025-10-01,Atlalilco,565599.2648970977,7,27
2025-11-01,Atlalilco,546904.682876322,13,11
2025-12-01,Atlalilco,523474.97460694297,13,17
2026-01-01,Atlalilco,620875.503748913,13,17
2026-02-01,Atlalilco,689400.3532291821,17,28
2026-03-01,Atlalilco,721226.8262558716,14,35
2025-04-01,Auditorio,995386.0705725376,20,27
2025-05-01,Auditorio,1074796.4248329466,19,42
2025-06-01,Auditorio,1027726.1291137252,10,26
2025-07-01,Auditorio,1048025.193962548,12,38
2025-08-01,Auditorio,1101030.3754396767,11,37
2025-09-01,Auditorio,1054224.5591353066,23,51
2025-10-01,Auditorio,1175933.421010796,19,44
2025-11-01,Auditorio,1145267.302295054,23,34
2025-12-01,Auditorio,1054741.790961248,29,24
2026-01-01,Auditorio,1119925.3924138872,16,27
2026-02-01,Auditorio,1113947.871251177,20,29
2026-03-01,Auditorio,1159993.3348084537,29,31
2025-04-01,Autobuses del Norte,592549.9278669768,8,26
2025-05-01,Autobuses del Norte,563275.7779431597,6,20
2025-06-01,Autobuses del Norte,451029.0633542781,7,16
2025-07-01,Autobuses del Norte,517855.8364050371,6,12
2025-08-01,Autobuses del Norte,572455.9086766227,16,26
2025-09-01,Autobuses del Norte,608032.4075925814,15,25
2025-10-01,Autobuses del Norte,404652.9413426226,9,8
2025-11-01,Autobuses del Norte,541792.587361875,14,22
2025-12-01,Autobuses del Norte,644704.7984758979,16,23
2026-01-01,Autobuses del Norte,435693.08934668056,5,9
2026-02-01,Autobuses del Norte,543620.3044369167,15,18
2026-03-01,Autobuses del Norte,593587.2492278081,12,20
2025-04-01,Balbuena,219659.90406516785,5,5
2025-05-01,Balbuena,220171.7623463559,6,10
2025-06-01,Balbuena,218502.8663905511,3,9
2025-07-01,Balbuena,221394.4791975914,2,8
2025-08-01,Balbuena,221231.0151909472,3,7
2025-09-01,Balbuena,221171.0037013431,4,7
2025-10-01,Balbuena,236717.5654290805,6,9
2025-11-01,Balbuena,357632.7486786255,9,13
2025-12-01,Balbuena,377427.7165502088,3,8
2026-01-01,Balbuena,375607.22287879215,7,13
2026-02-01,Balbuena,346392.3038288698,6,15
2026-03-01,Balbuena,356422.2066903221,5,12
2025-04-01,Balderas,1114840.0740776332,13,24
2025-05-01,Balderas,1204779.2042494186,20,52
2025-06-01,Balderas,1234561.8609180371,35,32
2025-07-01,Balderas,1262955.3608238709,20,35
2025-08-01,Balderas,1291206.10899921,26,32
2025-09-01,Balderas,1371487.2377699616,32,41
2025-10-01,Balderas,1457983.2860800012,25,62
2025-11-01,Balderas,1462037.9177783283,43,52
2025-12-01,Balderas,1485484.4325398735,43,38
2026-01-01,Balderas,1621623.59811991,24,75
2026-02-01,Balderas,1648784.8649100603,32,76
2026-03-01,Balderas,1713249.8398532444,27,79
2025-04-01,Barranca del Muerto,963354.8266223456,15,26
2025-05-01,Barranca del Muerto,1005473.5278454628,10,33
2025-06-01,Barranca del Muerto,956137.4128709936,21,47
2025-07-01,Barranca del Muerto,989955.7253389532,19,42
2025-08-01,Barranca del Muerto,1052760.8090478648,11,21
2025-09-01,Barranca del Muerto,1054435.2540208057,16,23
2025-10-01,Barranca del Muerto,1121672.792821592,31,38
2025-11-01,Barranca del Muerto,1042478.8058639476,15,49
2025-12-01,Barranca del Muerto,886506.3985627729,11,32
2026-01-01,Barranca del Muerto,830195.4434156814,16,29
2026-02-01,Barranca del Muerto,1013795.5239837636,30,23
2026-03-01,Barranca del Muerto,1036699.4488418766,15,41
2025-04-01,Bellas Artes,1244074.099387538,29,55
2025-05-01,Bellas Artes,1291980.007409044,32,40
2025-06-01,Bellas Artes,1411554.476737339,20,61
2025-07-01,Bellas Artes,1329101.576542879,32,65
2025-08-01,Bellas Artes,1270438.410327741,22,33
2025-09-01,Bellas Artes,1283255.6356220732,29,45
2025-10-01,Bellas Artes,1413964.7488566823,32,40
2025-11-01,Bellas Artes,1303222.3485080674,26,57
2025-12-01,Bellas Artes,1440224.816037826,17,53
2026-01-01,Bellas Artes,1270352.678542226,33,49
2026-02-01,Bellas Artes,1276543.4350794093,20,56
2026-03-01,Bellas Artes,1345908.184952014,18,42
2025-04-01,Bondojito,94422.50314280372,1,4
2025-05-01,Bondojito,130427.0884991655,2,4
2025-06-01,Bondojito,140769.9118585488,3,3
2025-07-01,Bondojito,128876.65435208654,1,5
2025-08-01,Bondojito,104639.58563822624,2,4
2025-09-01,Bondojito,137919.11535271571,2,4
2025-10-01,Bondojito,145634.61969347807,3,6
2025-11-01,Bondojito,154508.73346742275,2,7
2025-12-01,Bondojito,179281.69436996733,4,5
2026-01-01,Bondojito,162799.05863994855,2,8
2026-02-01,Bondojito,141934.92443210492,4,3
2026-03-01,Bondojito,112689.1234515994,1,2
2025-04-01,Bosque de Aragón,220850.130731027,3,5
2025-05-01,Bosque de Aragón,188924.97687528832,2,8
2025-06-01,Bosque de Aragón,271092.88490027294,7,10
2025-07-01,Bosque de Aragón,274471.9551790903,7,6
2025-08-01,Bosque de Aragón,279369.0469253436,4,9
2025-09-01,Bosque de Aragón,287155.7850873295,6,11
2025-10-01,Bosque de Aragón,286555.0184154684,7,6
2025-11-01,Bosque de Aragón,284157.85782779526,5,13
2025-12-01,Bosque de Aragón,260792.82722753863,5,11
2026-01-01,Bosque de Aragón,263703.18233920715,3,9
2026-02-01,Bosque de Aragón,259844.6419088756,3,12
2026-03-01,Bosque de Aragón,273356.14296149625,7,8
2025-04-01,Boulevard Puerto Aéreo,499102.1947353118,13,24
2025-05-01,Boulevard Puerto Aéreo,530149.2939971526,12,21
2025-06-01,Boulevard Puerto Aéreo,542283.7437493828,9,21
2025-07-01,Boulevard Puerto Aéreo,550153.2414565618,9,13
2025-08-01,Boulevard Puerto Aéreo,551158.36855618,13,25
2025-09-01,Boulevard Puerto Aéreo,557365.6009482858,15,18
2025-10-01,Boulevard Puerto Aéreo,590913.0354776889,16,14
2025-11-01,Boulevard Puerto Aéreo,608197.9418545411,15,12
2025-12-01,Boulevard Puerto Aéreo,621439.7930035571,14,22
2026-01-01,Boulevard Puerto Aéreo,669804.7691966924,7,23
2026-02-01,Boulevard Puerto Aéreo,691840.2210266896,9,28
2026-03-01,Boulevard Puerto Aéreo,729427.4265244907,20,34
2025-04-01,Calle 11,361960.5433627535,8,8
2025-05-01,Calle 11,352580.63585430215,3,14
2025-06-01,Calle 11,341896.55176389485,4,8
2025-07-01,Calle 11,366587.40413505817,8,16
2025-08-01,Calle 11,398771.2326130936,4,17
2025-09-01,Calle 11,395606.37538690446,5,14
2025-10-01,Calle 11,410078.7750729029,8,16
2025-11-01,Calle 11,399077.6519392147,9,11
2025-12-01,Calle 11,380226.72268296976,8,12
2026-01-01,Calle 11,414864.8515319073,6,18
2026-02-01,Calle 11,425337.1838239088,10,14
2026-03-01,Calle 11,448541.4025291007,6,13
2025-04-01,Camarones,356625.9634560964,5,12
2025-05-01,Camarones,382280.0558056496,9,17
2025-06-01,Camarones,364811.74870295386,8,10
2025-07-01,Camarones,359060.78752632986,9,9
2025-08-01,Camarones,397080.4689588887,9,16
2025-09-01,Camarones,408923.8197983456,8,18
2025-10-01,Camarones,440857.6132639295,5,10
2025-11-01,Camarones,405744.198754636,7,11
2025-12-01,Camarones,363094.806283055,5,8
2026-01-01,Camarones,329163.8298853044,4,10
2026-02-01,Camarones,384300.67365171545,11,12
2026-03-01,Camarones,404072.2472645371,7,17
2025-04-01,Canal de San Juan,314551.25675458513,8,12
2025-05-01,Canal de San Juan,334995.8415621843,7,12
2025-06-01,Canal de San Juan,316750.3815896109,8,9
2025-07-01,Canal de San Juan,337169.590242149,6,15
2025-08-01,Canal de San Juan,346026.52334779355,7,11
2025-09-01,Canal de San Juan,359574.07315268216,7,17
2025-10-01,Canal de San Juan,377582.5812287665,5,14
2025-11-01,Canal de San Juan,364044.5646774423,8,8
2025-12-01,Canal de San Juan,369793.34497204446,5,14
2026-01-01,Canal de San Juan,332164.43355494825,3,9
2026-02-01,Canal de San Juan,329919.2476010173,7,13
2026-03-01,Canal de San Juan,331974.0172002978,4,7
2025-04-01,Canal del Norte,177733.58240051533,5,4
2025-05-01,Canal del Norte,217356.0658100721,6,9
2025-06-01,Canal del Norte,198435.561808356,5,5
2025-07-01,Canal del Norte,196004.33172521924,3,8
2025-08-01,Canal del Norte,213620.1506366153,2,6
2025-09-01,Canal del Norte,222581.6655213272,6,8
2025-10-01,Canal del Norte,234134.0491430863,4,9
2025-11-01,Canal del Norte,226875.9163501122,6,8
2025-12-01,Canal del Norte,242629.4187204204,7,7
2026-01-01,Canal del Norte,178037.59747930238,4,4
2026-02-01,Canal del Norte,188859.68698992705,3,3
2026-03-01,Canal del Norte,205047.04020078783,3,5
2025-04-01,Candelaria,687019.6803853288,18,27
2025-05-01,Candelaria,735920.8701905252,12,35
2025-06-01,Candelaria,735001.1842877914,9,33
2025-07-01,Candelaria,711785.7060207387,15,30
2025-08-01,Candelaria,705364.9227524283,20,30
2025-09-01,Candelaria,698337.5412556428,16,27
2025-10-01,Candelaria,706450.9668162583,15,19
2025-11-01,Candelaria,760496.6760103715,9,35
2025-12-01,Candelaria,872019.2828734787,19,34
2026-01-01,Candelaria,764441.28706332,22,28
2026-02-01,Candelaria,745153.505154202,9,17
2026-03-01,Candelaria,813269.6514765773,16,27
2025-04-01,Centro Médico,842953.4075228188,23,28
2025-05-01,Centro Médico,891834.8188192938,22,40
2025-06-01,Centro Médico,861777.5333359562,20,31
2025-07-01,Centro Médico,879248.0736279642,21,27
2025-08-01,Centro Médico,882675.2562666866,15,43
2025-09-01,Centro Médico,890612.2167169816,14,20
2025-10-01,Centro Médico,956946.3692121364,25,31
2025-11-01,Centro Médico,919673.576068662,24,19
2025-12-01,Centro Médico,902512.1926102802,24,38
2026-01-01,Centro Médico,894438.7552277317,25,42
2026-02-01,Centro Médico,866557.2959839555,17,24
2026-03-01,Centro Médico,935581.9935693654,18,42
2025-04-01,Cerro de la Estrella,293889.59423248726,7,8
2025-05-01,Cerro de la Estrella,315387.8000819731,7,14
2025-06-01,Cerro de la Estrella,302429.21786955965,7,12
2025-07-01,Cerro de la Estrella,291375.749019075,7,12
2025-08-01,Cerro de la Estrella,311628.506858071,8,6
2025-09-01,Cerro de la Estrella,307608.872281706,5,15
2025-10-01,Cerro de la Estrella,317111.7803939444,5,13
2025-11-01,Cerro de la Estrella,306307.47728312016,3,8
2025-12-01,Cerro de la Estrella,300990.4803712843,6,13
2026-01-01,Cerro de la Estrella,305661.70692835096,3,8
2026-02-01,Cerro de la Estrella,300044.850278412,5,13
2026-03-01,Cerro de la Estrella,324218.4448860224,6,7
2025-04-01,Chabacano,1023584.1701883116,16,42
2025-05-01,Chabacano,1046366.4149262122,22,37
2025-06-01,Chabacano,1031951.7117332632,10,23
2025-07-01,Chabacano,1047779.3072046032,11,28
2025-08-01,Chabacano,1057601.4968063838,27,21
2025-09-01,Chabacano,1047270.4395298184,18,35
2025-10-01,Chabacano,1198477.8862081806,15,34
2025-11-01,Chabacano,1167123.6154839797,23,44
2025-12-01,Chabacano,1132031.4697331567,28,32
2026-01-01,Chabacano,1127365.8706168802,16,32
2026-02-01,Chabacano,1100026.7666312186,24,46
2026-03-01,Chabacano,1165595.1349567436,13,24
2025-04-01,Chapultepec,-18003.727785905325,0,0
2025-05-01,Chapultepec,-21294.70382146156,0,0
2025-06-01,Chapultepec,-34900.321192131254,0,-1
2025-07-01,Chapultepec,-80423.62253373189,-1,-3
2025-08-01,Chapultepec,-86264.28859625074,-2,-4
2025-09-01,Chapultepec,-99383.48028593809,-2,-2
2025-10-01,Chapultepec,-75312.3335401175,-1,-1
2025-11-01,Chapultepec,-151386.35752449403,-2,-4
2025-12-01,Chapultepec,-187032.63254986893,-4,-8
2026-01-01,Chapultepec,-82949.69380619185,-1,-1
2026-02-01,Chapultepec,-45244.87215183022,0,-1
2026-03-01,Chapultepec,28881.264909517777,0,1
2025-04-01,Chilpancingo,1185722.9033745194,12,54
2025-05-01,Chilpancingo,1267378.7248347208,37,45
2025-06-01,Chilpancingo,1181613.77819763,31,25
2025-07-01,Chilpancingo,1200181.5298831994,28,53
2025-08-01,Chilpancingo,1223009.4807460906,22,46
2025-09-01,Chilpancingo,1230163.3832133322,16,28
2025-10-01,Chilpancingo,1354342.557237883,17,30
2025-11-01,Chilpancingo,1307949.2905575575,19,61
2025-12-01,Chilpancingo,1217730.4882741757,25,48
2026-01-01,Chilpancingo,1242978.7056970436,30,55
2026-02-01,Chilpancingo,1228279.086376944,28,56
2026-03-01,Chilpancingo,1289515.3775908165,20,47
2025-04-01,Ciudad Azteca,1276302.8659178908,37,45
2025-05-01,Ciudad Azteca,1356309.640042748,33,44
2025-06-01,Ciudad Azteca,1320746.2778176924,27,38
2025-07-01,Ciudad Azteca,1302584.6131539869,28,43
2025-08-01,Ciudad Azteca,1358377.5373125344,24,58
2025-09-01,Ciudad Azteca,1391491.869789852,20,52
2025-10-01,Ciudad Azteca,1340254.8233585134,22,62
2025-11-01,Ciudad Azteca,1280167.1847486554,32,42
2025-12-01,Ciudad Azteca,1403201.9823579623,14,53
2026-01-01,Ciudad Azteca,1386596.6956000824,17,53
2026-02-01,Ciudad Azteca,1354854.3979487848,14,51
2026-03-01,Ciudad Azteca,1426872.0841840168,15,58
2025-04-01,Ciudad Deportiva,141387.7893655708,3,3
2025-05-01,Ciudad Deportiva,154072.61788718883,3,5
2025-06-01,Ciudad Deportiva,130684.38827891192,2,3
2025-07-01,Ciudad Deportiva,121619.3878652048,1,3
2025-08-01,Ciudad Deportiva,183544.43799523896,3,6
2025-09-01,Ciudad Deportiva,184086.7067448348,3,7
2025-10-01,Ciudad Deportiva,259021.6169113512,3,12
2025-11-01,Ciudad Deportiva,212052.64420424224,3,8
2025-12-01,Ciudad Deportiva,163123.45379287485,2,6
2026-01-01,Ciudad Deportiva,88477.63282777125,1,3
2026-02-01,Ciudad Deportiva,91242.12787011795,2,3
2026-03-01,Ciudad Deportiva,111715.7157974494,1,2
2025-04-01,Colegio Militar,439489.96666903415,7,12
2025-05-01,Colegio Militar,467737.5701169637,10,14
2025-06-01,Colegio Militar,433581.27886751416,8,14
2025-07-01,Colegio Militar,369146.5723794875,10,7
2025-08-01,Colegio Militar,393180.7128469953,9,9
2025-09-01,Colegio Militar,464740.2192722978,6,13
2025-10-01,Colegio Militar,501120.35083566414,5,24
2025-11-01,Colegio Militar,480805.4841961587,10,14
2025-12-01,Colegio Militar,402114.3178307905,4,13
2026-01-01,Colegio Militar,390661.9011610926,8,10
2026-02-01,Colegio Militar,420803.07301801024,12,16
2026-03-01,Colegio Militar,491205.12218532286,10,13
2025-04-01,Constitución de 1917,2669461.5728749684,47,69
2025-05-01,Constitución de 1917,2836769.8181476514,64,100
2025-06-01,Constitución de 1917,2860788.8973959703,54,57
2025-07-01,Constitución de 1917,2753024.499841704,57,55
2025-08-01,Constitución de 1917,2755749.466434657,79,73
2025-09-01,Constitución de 1917,2724503.4286968224,48,57
2025-10-01,Constitución de 1917,2759673.0517298235,80,64
2025-11-01,Constitución de 1917,2722389.4577901,76,82
2025-12-01,Constitución de 1917,2861847.6256682603,39,126
2026-01-01,Constitución de 1917,3186135.1113474914,36,118
2026-02-01,Constitución de 1917,3175024.7773320726,38,112
2026-03-01,Constitución de 1917,3352831.218720239,34,96
2025-04-01,Constituyentes,419194.28962112905,4,20
2025-05-01,Constituyentes,415949.2453255528,9,13
2025-06-01,Constituyentes,396573.2524267563,4,8
2025-07-01,Constituyentes,400344.1449369524,6,15
2025-08-01,Constituyentes,411713.54668608063,11,9
2025-09-01,Constituyentes,422726.7701630807,4,12
2025-10-01,Constituyentes,511515.9118055868,13,18
2025-11-01,Constituyentes,494224.05956196354,7,22
2025-12-01,Constituyentes,465893.1487113398,5,16
2026-01-01,Constituyentes,743766.2072602286,17,30
2026-02-01,Constituyentes,550712.3761194394,12,27
2026-03-01,Constituyentes,566223.7618910001,15,13
2025-04-01,Consulado,214495.6901157513,5,6
2025-05-01,Consulado,226261.62594897585,5,7
2025-06-01,Consulado,220569.9420600276,3,7
2025-07-01,Consulado,218114.5999788017,2,7
2025-08-01,Consulado,237991.7846053237,5,11
2025-09-01,Consulado,230376.95519708024,6,9
2025-10-01,Consulado,233147.495304694,6,8
2025-11-01,Consulado,227396.3669037817,4,6
2025-12-01,Consulado,229139.75235282644,3,10
2026-01-01,Consulado,216566.0929309069,5,10
2026-02-01,Consulado,209945.23895035533,3,9
2026-03-01,Consulado,229183.6701478978,6,4
2025-04-01,Copilco,1093295.0005476235,29,42
2025-05-01,Copilco,1131130.0038487485,21,24
2025-06-01,Copilco,887764.847658574,22,24
2025-07-01,Copilco,801816.8321419512,20,17
2025-08-01,Copilco,1243582.469339394,15,47
2025-09-01,Copilco,1173094.681250901,32,47
2025-10-01,Copilco,1243393.225468356,24,29
2025-11-01,Copilco,1147071.8419874415,30,36
2025-12-01,Copilco,859379.5780877586,14,28
2026-01-01,Copilco,938269.749425076,26,29
2026-02-01,Copilco,1172716.8724744427,20,27
2026-03-01,Copilco,1201791.7588654135,12,39
2025-04-01,Coyoacán,767376.1812183183,21,32
2025-05-01,Coyoacán,764998.9108563309,9,16
2025-06-01,Coyoacán,756868.4722787141,12,16
2025-07-01,Coyoacán,750760.0238292809,21,23
2025-08-01,Coyoacán,747893.4621692292,21,36
2025-09-01,Coyoacán,742951.0912112431,15,29
2025-10-01,Coyoacán,747483.019225038,16,30
2025-11-01,Coyoacán,745668.5325280187,14,23
2025-12-01,Coyoacán,740909.8630883701,11,28
2026-01-01,Coyoacán,790077.0600279559,13,16
2026-02-01,Coyoacán,786915.0185462506,18,30
2026-03-01,Coyoacán,790869.6921142843,19,37
2025-04-01,Coyuya,707569.1689239417,18,27
2025-05-01,Coyuya,764893.6266175096,19,35
2025-06-01,Coyuya,744418.5345673993,8,31
2025-07-01,Coyuya,719263.7388944216,14,16
2025-08-01,Coyuya,753145.3836744657,8,35
2025-09-01,Coyuya,772475.8012718182,16,16
2025-10-01,Coyuya,790885.9218486969,14,28
2025-11-01,Coyuya,777810.1940056233,21,18
2025-12-01,Coyuya,774272.9182788868,13,15
2026-01-01,Coyuya,773111.1981200423,9,25
2026-02-01,Coyuya,765539.337149323,9,22
2026-03-01,Coyuya,811842.6642451633,20,28
2025-04-01,Cuatro Caminos,3206553.290078481,71,119
2025-05-01,Cuatro Caminos,3848404.757685106,46,82
2025-06-01,Cuatro Caminos,3686794.3535872935,43,87
2025-07-01,Cuatro Caminos,3729088.9449224826,89,137
2025-08-01,Cuatro Caminos,3945904.818024387,45,119
2025-09-01,Cuatro Caminos,3835174.893414601,101,160
2025-10-01,Cuatro Caminos,4061075.433655284,97,160
2025-11-01,Cuatro Caminos,3932369.3797146287,45,178
2025-12-01,Cuatro Caminos,3813416.6056000735,44,155
2026-01-01,Cuatro Caminos,3623912.713953395,107,119
2026-02-01,Cuatro Caminos,3597592.8829978528,62,144
2026-03-01,Cuatro Caminos,3778345.97022949,65,106
2025-04-01,Cuauhtémoc,-18325.71003953413,0,0
2025-05-01,Cuauhtémoc,-5659.980153149954,0,0
2025-06-01,Cuauhtémoc,-2949.716538061809,0,0
2025-07-01,Cuauhtémoc,-32019.79123663914,0,-1
2025-08-01,Cuauhtémoc,-35856.022899322044,0,-1
2025-09-01,Cuauhtémoc,-33225.75290511968,0,-1
2025-10-01,Cuauhtémoc,-28201.17869009731,0,-1
2025-11-01,Cuauhtémoc,-59734.19100544375,-1,-1
2025-12-01,Cuauhtémoc,-74468.65882460318,-1,-2
2026-01-01,Cuauhtémoc,-39158.18432372182,-1,-1
2026-02-01,Cuauhtémoc,-17120.134767057825,0,0
2026-03-01,Cuauhtémoc,3520.9134047179105,0,0
2025-04-01,Cuitláhuac,402344.1694742186,4,16
2025-05-01,Cuitláhuac,481262.9570079016,9,19
2025-06-01,Cuitláhuac,512766.6329915263,5,16
2025-07-01,Cuitláhuac,522619.1199483767,6,13
2025-08-01,Cuitláhuac,553117.6505860684,6,18
2025-09-01,Cuitláhuac,570276.2644915907,13,13
2025-10-01,Cuitláhuac,603407.3057388389,15,28
2025-11-01,Cuitláhuac,600187.3707263282,13,18
2025-12-01,Cuitláhuac,576831.7466511421,16,14
2026-01-01,Cuitláhuac,595644.4963874088,10,12
2026-02-01,Cuitláhuac,517595.7863394119,8,20
2026-03-01,Cuitláhuac,502540.81965729984,13,19
2025-04-01,Culhuacán,464796.2763183134,6,14
2025-05-01,Culhuacán,467057.6000548577,13,10
2025-06-01,Culhuacán,463512.927270501,4,14
2025-07-01,Culhuacán,527247.7066849512,15,15
2025-08-01,Culhuacán,611667.8907474959,6,24
2025-09-01,Culhuacán,621101.926887261,17,23
2025-10-01,Culhuacán,647055.2469883059,13,20
2025-11-01,Culhuacán,635414.968968297,18,16
2025-12-01,Culhuacán,622498.7859727397,7,30
2026-01-01,Culhuacán,627551.5567328827,13,21
2026-02-01,Culhuacán,688518.3959465957,20,27
2026-03-01,Culhuacán,708699.0269095633,14,17
2025-04-01,Deportivo 18 de Marzo,850581.302105603,19,29
2025-05-01,Deportivo 18 de Marzo,863326.9703700196,20,17
2025-06-01,Deportivo 18 de Marzo,845154.4382786686,16,29
2025-07-01,Deportivo 18 de Marzo,845248.9993678797,19,41
2025-08-01,Deportivo 18 de Marzo,883881.9409151947,19,27
2025-09-01,Deportivo 18 de Marzo,894625.264726552,25,18
2025-10-01,Deportivo 18 de Marzo,913342.9034943348,9,19
2025-11-01,Deportivo 18 de Marzo,891409.6116172095,13,28
2025-12-01,Deportivo 18 de Marzo,861388.9838981084,24,21
2026-01-01,Deportivo 18 de Marzo,908675.5427235704,25,18
2026-02-01,Deportivo 18 de Marzo,920078.4918276924,17,39
2026-03-01,Deportivo 18 de Marzo,968015.2462944796,21,32
2025-04-01,Deportivo Oceanía,389289.9721429625,6,11
2025-05-01,Deportivo Oceanía,407195.3306105914,5,19
2025-06-01,Deportivo Oceanía,383500.5050519271,7,9
2025-07-01,Deportivo Oceanía,331963.9162253198,5,16
2025-08-01,Deportivo Oceanía,342957.45972611045,7,10
2025-09-01,Deportivo Oceanía,419030.867241521,4,19
2025-10-01,Deportivo Oceanía,441386.4270638498,13,16
2025-11-01,Deportivo Oceanía,398307.4303377728,11,17
2025-12-01,Deportivo Oceanía,344132.6813139304,8,17
2026-01-01,Deportivo Oceanía,315492.1622351894,6,9
2026-02-01,Deportivo Oceanía,333486.00686948106,5,16
2026-03-01,Deportivo Oceanía,377517.8099363996,9,11
2025-04-01,División del Norte,385346.0692868379,9,12
2025-05-01,División del Norte,403423.3804752058,5,12
2025-06-01,División del Norte,390617.9858221287,11,14
2025-07-01,División del Norte,369395.5650117924,9,9
2025-08-01,División del Norte,396790.31957969366,11,14
2025-09-01,División del Norte,399660.79434710735,9,14
2025-10-01,División del Norte,415196.8431456511,9,17
2025-11-01,División del Norte,398198.3502833392,7,17
2025-12-01,División del Norte,370999.3263622933,10,12
2026-01-01,División del Norte,391379.5440102113,10,11
2026-02-01,División del Norte,403924.5119332493,4,11
2026-03-01,División del Norte,434380.7119882424,4,11
2025-04-01,Doctores,1556337.2523944965,27,33
2025-05-01,Doctores,1473553.1581097206,38,44
2025-06-01,Doctores,979891.1542730232,29,27
2025-07-01,Doctores,1333490.4269484663,17,65
2025-08-01,Doctores,1154045.5705114082,25,42
2025-09-01,Doctores,879125.1407204143,15,26
2025-10-01,Doctores,525868.8553962715,15,19
2025-11-01,Doctores,118027.47010121844,3,2
2025-12-01,Doctores,-452985.5351489935,-12,-15
2026-01-01,Doctores,-743691.881907871,-14,-28
2026-02-01,Doctores,-607370.9909770959,-11,-21
2026-03-01,Doctores,22594.36758540361,0,0
2025-04-01,Ecatepec,648481.626987026,7,32
2025-05-01,Ecatepec,706929.0831718621,19,32
2025-06-01,Ecatepec,671402.4006312257,17,25
2025-07-01,Ecatepec,631945.9293844334,18,23
2025-08-01,Ecatepec,683234.6727512304,20,26
2025-09-01,Ecatepec,713955.0469541842,15,18
2025-10-01,Ecatepec,728276.9636249905,18,23
2025-11-01,Ecatepec,681024.9244984848,19,14
2025-12-01,Ecatepec,667718.8798951474,18,22
2026-01-01,Ecatepec,677407.7684184104,10,24
2026-02-01,Ecatepec,673478.8230767124,12,18
2026-03-01,Ecatepec,745110.7759510246,9,36
2025-04-01,Eduardo Molina,184655.6284940796,5,8
2025-05-01,Eduardo Molina,198737.745690332,4,8
2025-06-01,Eduardo Molina,188516.6899857156,2,6
2025-07-01,Eduardo Molina,184374.0978666551,4,8
2025-08-01,Eduardo Molina,194824.95798448243,4,4
2025-09-01,Eduardo Molina,207830.46058167572,3,9
2025-10-01,Eduardo Molina,209733.58397252,2,4
2025-11-01,Eduardo Molina,204750.34282391952,4,8
2025-12-01,Eduardo Molina,190010.98035921148,3,5
2026-01-01,Eduardo Molina,191190.10708442377,4,8
2026-02-01,Eduardo Molina,195224.7225597605,3,9
2026-03-01,Eduardo Molina,206610.816568762,5,5
2025-04-01,Eje Central,335667.7663243244,7,11
2025-05-01,Eje Central,341811.3360727698,7,16
2025-06-01,Eje Central,321916.21252475976,8,11
2025-07-01,Eje Central,335185.4357131198,6,15
2025-08-01,Eje Central,351082.85474577243,4,13
2025-09-01,Eje Central,352072.58777882287,3,11
2025-10-01,Eje Central,370157.7534400824,9,10
2025-11-01,Eje Central,356338.8593864819,7,9
2025-12-01,Eje Central,326004.8764260767,7,13
2026-01-01,Eje Central,357901.8053343446,5,11
2026-02-01,Eje Central,370883.3799882241,4,13
2026-03-01,Eje Central,396602.35720092594,4,13
2025-04-01,El Rosario,1264995.0793638434,21,47
2025-05-01,El Rosario,1336784.0013218222,29,61
2025-06-01,El Rosario,1253051.2094165136,22,61
2025-07-01,El Rosario,1224098.606612092,22,39
2025-08-01,El Rosario,1133232.6257815035,31,50
2025-09-01,El Rosario,1215257.5733511609,20,52
2025-10-01,El Rosario,1421809.2419978783,28,52
2025-11-01,El Rosario,1342354.972233151,34,65
2025-12-01,El Rosario,1246018.3381554598,22,32
2026-01-01,El Rosario,1318334.3378112267,29,30
2026-02-01,El Rosario,1293060.9523594233,35,58
2026-03-01,El Rosario,1331019.9320689463,38,44
2025-04-01,Ermita,603339.9905885948,7,27
2025-05-01,Ermita,641499.2221468706,18,30
2025-06-01,Ermita,633965.1428091907,12,13
2025-07-01,Ermita,631923.1943115863,9,29
2025-08-01,Ermita,675400.3975209162,12,22
2025-09-01,Ermita,667153.6162939443,19,23
2025-10-01,Ermita,690949.0235450645,13,26
2025-11-01,Ermita,684593.6558471913,11,32
2025-12-01,Ermita,646584.9881665047,14,13
2026-01-01,Ermita,638777.6421289751,9,21
2026-02-01,Ermita,675172.5760398009,7,27
2026-03-01,Ermita,702814.1161120276,8,29
2025-04-01,Escuadrón 201,539199.8114007625,6,21
2025-05-01,Escuadrón 201,581217.9076618116,7,13
2025-06-01,Escuadrón 201,534448.9116932809,6,15
2025-07-01,Escuadrón 201,523036.2032941069,11,16
2025-08-01,Escuadrón 201,542280.2664901577,7,23
2025-09-01,Escuadrón 201,538555.3547504112,9,15
2025-10-01,Escuadrón 201,592511.7793614882,16,15
2025-11-01,Escuadrón 201,550798.130054883,10,26
2025-12-01,Escuadrón 201,518981.5697190015,12,10
2026-01-01,Escuadrón 201,526850.0512130349,7,26
2026-02-01,Escuadrón 201,512067.5973793948,7,20
2026-03-01,Escuadrón 201,559357.805428385,6,25
2025-04-01,Etiopía/Plaza de la Transparencia,687597.0641990603,9,19
2025-05-01,Etiopía/Plaza de la Transparencia,673632.9808411136,10,13
2025-06-01,Etiopía/Plaza de la Transparencia,667574.3059150402,9,28
2025-07-01,Etiopía/Plaza de la Transparencia,677507.9804761254,7,30
2025-08-01,Etiopía/Plaza de la Transparencia,664602.0322683804,8,28
2025-09-01,Etiopía/Plaza de la Transparencia,665100.7914509221,12,16
2025-10-01,Etiopía/Plaza de la Transparencia,659489.7516637507,9,28
2025-11-01,Etiopía/Plaza de la Transparencia,656937.4962702042,11,28
2025-12-01,Etiopía/Plaza de la Transparencia,656433.6344891449,13,26
2026-01-01,Etiopía/Plaza de la Transparencia,739002.3304519636,17,31
2026-02-01,Etiopía/Plaza de la Transparencia,716982.6997503527,7,32
2026-03-01,Etiopía/Plaza de la Transparencia,709782.3331288808,18,27
2025-04-01,Eugenia,355167.0284343737,8,8
2025-05-01,Eugenia,366805.0513702126,4,12
2025-06-01,Eugenia,356822.1506076087,9,7
2025-07-01,Eugenia,352003.7057827311,10,11
2025-08-01,Eugenia,365080.99832357815,4,11
2025-09-01,Eugenia,357800.7046529366,5,7
2025-10-01,Eugenia,372696.3203161477,9,11
2025-11-01,Eugenia,363388.5927072111,9,8
2025-12-01,Eugenia,346526.781894591,4,15
2026-01-01,Eugenia,371395.3249656941,5,17
2026-02-01,Eugenia,375958.5277304574,6,8
2026-03-01,Eugenia,394045.0381289776,7,19
2025-04-01,Ferrería/Arena Ciudad de México,566111.4000415206,12,20
2025-05-01,Ferrería/Arena Ciudad de México,601412.6503164042,10,17
2025-06-01,Ferrería/Arena Ciudad de México,571943.890928863,11,12
2025-07-01,Ferrería/Arena Ciudad de México,509149.5530574882,12,17
2025-08-01,Ferrería/Arena Ciudad de México,537077.8231837535,5,23
2025-09-01,Ferrería/Arena Ciudad de México,617527.0645922422,9,25
2025-10-01,Ferrería/Arena Ciudad de México,654354.562106455,15,14
2025-11-01,Ferrería/Arena Ciudad de México,615644.1326449767,17,13
2025-12-01,Ferrería/Arena Ciudad de México,533203.8649117078,10,17
2026-01-01,Ferrería/Arena Ciudad de México,550611.7953119443,11,15
2026-02-01,Ferrería/Arena Ciudad de México,606181.4603025751,7,16
2026-03-01,Ferrería/Arena Ciudad de México,658474.2106062217,12,18
2025-04-01,Fray Servando,214107.97800995185,4,9
2025-05-01,Fray Servando,243195.24855700225,3,11
2025-06-01,Fray Servando,228835.81760957057,3,7
2025-07-01,Fray Servando,232204.2502848461,4,10
2025-08-01,Fray Servando,252382.74077634024,2,7
2025-09-01,Fray Servando,271539.146710885,4,9
2025-10-01,Fray Servando,330210.6559582199,4,8
2025-11-01,Fray Servando,253076.80802631524,4,9
2025-12-01,Fray Servando,252825.4219947568,3,12
2026-01-01,Fray Servando,207718.97535951727,5,7
2026-02-01,Fray Servando,221068.86363531792,4,6
2026-03-01,Fray Servando,212546.2293410162,5,8
2025-04-01,Garibaldi/Lagunilla,726964.7609601181,18,17
2025-05-01,Garibaldi/Lagunilla,783175.3573602611,15,36
2025-06-01,Garibaldi/Lagunilla,772121.3305728403,9,27
2025-07-01,Garibaldi/Lagunilla,794650.9226372818,16,26
2025-08-01,Garibaldi/Lagunilla,784680.8987150696,17,29
2025-09-01,Garibaldi/Lagunilla,733349.7794997292,18,28
2025-10-01,Garibaldi/Lagunilla,785650.2013417812,14,17
2025-11-01,Garibaldi/Lagunilla,800060.2110370641,10,32
2025-12-01,Garibaldi/Lagunilla,856902.9853151275,13,23
2026-01-01,Garibaldi/Lagunilla,739693.8890328469,12,30
2026-02-01,Garibaldi/Lagunilla,696347.7446534865,15,31
2026-03-01,Garibaldi/Lagunilla,754291.2780978464,16,33
2025-04-01,General Anaya,496927.2768890576,8,18
2025-05-01,General Anaya,627648.5548579062,18,22
2025-06-01,General Anaya,607716.5616650883,13,14
2025-07-01,General Anaya,622105.2569927434,9,26
2025-08-01,General Anaya,671278.7644411109,8,18
2025-09-01,General Anaya,661765.1394113898,8,23
2025-10-01,General Anaya,691443.3940935207,10,19
2025-11-01,General Anaya,679873.3577122145,8,16
2025-12-01,General Anaya,577291.2189428175,7,22
2026-01-01,General Anaya,590303.4997314049,9,12
2026-02-01,General Anaya,663753.3420162098,8,28
2026-03-01,General Anaya,640985.7898512669,17,18
2025-04-01,Guelatao,592614.9326712525,6,11
2025-05-01,Guelatao,540718.8668461259,11,19
2025-06-01,Guelatao,472015.52167178434,8,10
2025-07-01,Guelatao,439337.35963862657,13,12
2025-08-01,Guelatao,549473.5111420485,6,22
2025-09-01,Guelatao,441355.4498923988,7,9
2025-10-01,Guelatao,625473.7593762726,18,28
2025-11-01,Guelatao,582986.3763636962,15,11
2025-12-01,Guelatao,491812.4342901039,12,13
2026-01-01,Guelatao,538356.4017982428,8,22
2026-02-01,Guelatao,554376.4835432025,7,16
2026-03-01,Guelatao,601007.3373330978,14,13
2025-04-01,Guerrero,390808.4322443407,11,12
2025-05-01,Guerrero,421686.343027901,8,11
2025-06-01,Guerrero,388545.3362199396,8,17
2025-07-01,Guerrero,391159.46003412665,6,11
2025-08-01,Guerrero,409042.7835331551,10,17
2025-09-01,Guerrero,404462.8507459534,5,18
2025-10-01,Guerrero,431129.4192344152,7,14
2025-11-01,Guerrero,413730.7081627567,7,19
2025-12-01,Guerrero,427359.0280141709,8,13
2026-01-01,Guerrero,401978.2968908463,5,19
2026-02-01,Guerrero,381714.70120989,4,8
2026-03-01,Guerrero,416982.189786076,9,16
2025-04-01,Gómez Farías,601194.9557326669,9,20
2025-05-01,Gómez Farías,597396.5013648554,12,18
2025-06-01,Gómez Farías,605960.3120592568,7,23
2025-07-01,Gómez Farías,590372.6035907604,11,24
2025-08-01,Gómez Farías,578109.7511795899,11,11
2025-09-01,Gómez Farías,586693.828309361,6,14
2025-10-01,Gómez Farías,590738.2133759115,9,24
2025-11-01,Gómez Farías,1145459.2834940455,14,45
2025-12-01,Gómez Farías,1243815.034939302,14,60
2026-01-01,Gómez Farías,1271287.259793066,37,54
2026-02-01,Gómez Farías,1222253.7354355934,20,59
2026-03-01,Gómez Farías,1201327.9670883226,31,49
2025-04-01,Hangares,121493.02502067824,1,3
2025-05-01,Hangares,135873.78424942144,3,3
2025-06-01,Hangares,134099.36410286848,3,5
2025-07-01,Hangares,132704.58065636933,2,5
2025-08-01,Hangares,148614.9085272799,2,3
2025-09-01,Hangares,148787.97300245136,2,4
2025-10-01,Hangares,124600.40244594384,2,6
2025-11-01,Hangares,127677.14752174004,3,4
2025-12-01,Hangares,117844.48329755224,3,3
2026-01-01,Hangares,94897.2542376268,2,3
2026-02-01,Hangares,63763.60370059431,0,1
2026-03-01,Hangares,64351.31386265447,1,1
2025-04-01,Hidalgo,1358916.008894618,39,42
2025-05-01,Hidalgo,1419808.8486141427,19,30
2025-06-01,Hidalgo,1417283.223963909,16,60
2025-07-01,Hidalgo,1435485.4235167354,35,46
2025-08-01,Hidalgo,1461976.6794970755,31,65
2025-09-01,Hidalgo,1469595.2151123448,39,66
2025-10-01,Hidalgo,1568606.9636118722,20,41
2025-11-01,Hidalgo,1501494.065309617,38,59
2025-12-01,Hidalgo,1429573.7110364824,20,48
2026-01-01,Hidalgo,1424630.719257376,18,66
2026-02-01,Hidalgo,1431592.9916203113,19,37
2026-03-01,Hidalgo,1526698.7260941486,40,61
2025-04-01,Hospital 20 de Noviembre,293033.2949573698,6,11
2025-05-01,Hospital 20 de Noviembre,288468.9224036777,5,8
2025-06-01,Hospital 20 de Noviembre,280866.31027806614,4,6
2025-07-01,Hospital 20 de Noviembre,282723.2416631092,7,11
2025-08-01,Hospital 20 de Noviembre,291069.6506715122,5,12
2025-09-01,Hospital 20 de Noviembre,288995.0269356788,7,8
2025-10-01,Hospital 20 de Noviembre,294689.7972725014,5,11
2025-11-01,Hospital 20 de Noviembre,286874.56105399487,5,9
2025-12-01,Hospital 20 de Noviembre,275473.84745033155,5,11
2026-01-01,Hospital 20 de Noviembre,332275.5803027879,5,8
2026-02-01,Hospital 20 de Noviembre,337386.649925649,8,15
2026-03-01,Hospital 20 de Noviembre,354677.0869185418,7,10
2025-04-01,Hospital General,511037.5042206069,7,15
2025-05-01,Hospital General,549155.1874704186,15,11
2025-06-01,Hospital General,514860.3392450912,9,12
2025-07-01,Hospital General,517920.1196453296,10,18
2025-08-01,Hospital General,543833.0857364364,15,15
2025-09-01,Hospital General,528683.4228096317,11,23
2025-10-01,Hospital General,568470.4275965975,7,11
2025-11-01,Hospital General,492946.37467501056,14,15
2025-12-01,Hospital General,454374.2440707832,10,13
2026-01-01,Hospital General,511737.3197630954,8,10
2026-02-01,Hospital General,500529.3794576345,6,11
2026-03-01,Hospital General,534081.3955858038,13,17
2025-04-01,Impulsora,586439.2471486056,13,20
2025-05-01,Impulsora,615671.3844608815,12,19
2025-06-01,Impulsora,547658.0650075573,15,19
2025-07-01,Impulsora,534433.7096935859,13,20
2025-08-01,Impulsora,629914.9476086582,8,12
2025-09-01,Impulsora,624433.1581124685,10,21
2025-10-01,Impulsora,632348.362349242,9,30
2025-11-01,Impulsora,594552.2887450159,14,21
2025-12-01,Impulsora,548635.4780412652,5,22
2026-01-01,Impulsora,546854.063179217,11,16
2026-02-01,Impulsora,576505.9678434981,14,24
2026-03-01,Impulsora,613353.8364173378,16,26
2025-04-01,Indios Verdes,3584437.1949126446,60,127
2025-05-01,Indios Verdes,5189911.230474095,137,255
2025-06-01,Indios Verdes,6203631.396924586,75,147
2025-07-01,Indios Verdes,7018957.574905263,189,143
2025-08-01,Indios Verdes,8136264.93254607,102,350
2025-09-01,Indios Verdes,7585914.172401263,136,335
2025-10-01,Indios Verdes,8003298.414683432,207,188
2025-11-01,Indios Verdes,8345042.837815921,108,233
2025-12-01,Indios Verdes,8908502.61298216,129,182
2026-01-01,Indios Verdes,9404946.410519114,229,270
2026-02-01,Indios Verdes,9961332.044929748,243,430
2026-03-01,Indios Verdes,9883900.69179417,225,351
2025-04-01,Instituto del Petróleo,232056.2570054828,5,7
2025-05-01,Instituto del Petróleo,250337.98478347817,5,7
2025-06-01,Instituto del Petróleo,237231.97420127344,3,4
2025-07-01,Instituto del Petróleo,237638.6087997772,4,6
2025-08-01,Instituto del Petróleo,250911.57702818216,3,9
2025-09-01,Instituto del Petróleo,253483.9187543004,7,12
2025-10-01,Instituto del Petróleo,258714.8678980163,5,11
2025-11-01,Instituto del Petróleo,256194.23696483785,4,5
2025-12-01,Instituto del Petróleo,243561.6698076548,4,11
2026-01-01,Instituto del Petróleo,257713.8605566641,7,11
2026-02-01,Instituto del Petróleo,258992.8832445025,3,11
2026-03-01,Instituto del Petróleo,274259.7735763528,5,9
2025-04-01,Insurgentes,32531.29943510232,0,1
2025-05-01,Insurgentes,42285.66323767093,0,1
2025-06-01,Insurgentes,23259.923517201645,0,0
2025-07-01,Insurgentes,57921.6833082581,1,1
2025-08-01,Insurgentes,51271.88028976809,1,1
2025-09-01,Insurgentes,51282.58277040688,1,1
2025-10-01,Insurgentes,107717.40755181677,2,4
2025-11-01,Insurgentes,162204.7057489269,4,5
2025-12-01,Insurgentes,147319.12736676866,3,3
2026-01-01,Insurgentes,314228.2320026114,4,15
2026-02-01,Insurgentes,359984.8671964784,7,17
2026-03-01,Insurgentes,353037.8227817528,7,15
2025-04-01,Insurgentes Sur,1062722.43240402,19,52
2025-05-01,Insurgentes Sur,1092885.1429562191,27,39
2025-06-01,Insurgentes Sur,1051664.4002033412,30,51
2025-07-01,Insurgentes Sur,1111825.2315070035,31,24
2025-08-01,Insurgentes Sur,1151072.4365642986,21,35
2025-09-01,Insurgentes Sur,1108150.5850618957,13,29
2025-10-01,Insurgentes Sur,1189320.0858947777,35,30
2025-11-01,Insurgentes Sur,1135102.3568448506,30,27
2025-12-01,Insurgentes Sur,1043543.4412930076,13,40
2026-01-01,Insurgentes Sur,1091135.3882363574,31,47
2026-02-01,Insurgentes Sur,1081180.6540501793,29,40
2026-03-01,Insurgentes Sur,1164049.5356358965,23,28
2025-04-01,Isabel la Católica,371296.9820815121,8,16
2025-05-01,Isabel la Católica,371257.8157310469,6,14
2025-06-01,Isabel la Católica,371257.895818989,4,11
2025-07-01,Isabel la Católica,371257.895655224,6,14
2025-08-01,Isabel la Católica,371257.89565555885,9,10
2025-09-01,Isabel la Católica,521197.89565555775,5,15
2025-10-01,Isabel la Católica,713011.8956555573,11,33
2025-11-01,Isabel la Católica,719633.8956555573,12,20
2025-12-01,Isabel la Católica,683866.8956555574,14,23
2026-01-01,Isabel la Católica,688423.8956555574,19,32
2026-02-01,Isabel la Católica,671208.8956555574,11,27
2026-03-01,Isabel la Católica,723400.8956555573,12,15
2025-04-01,Iztacalco,488745.4498491988,12,11
2025-05-01,Iztacalco,528228.7846345776,10,10
2025-06-01,Iztacalco,511154.47560586326,7,19
2025-07-01,Iztacalco,433208.5336854158,8,14
2025-08-01,Iztacalco,479907.7620612711,6,11
2025-09-01,Iztacalco,557677.1289124183,7,27
2025-10-01,Iztacalco,582500.4608819928,11,20
2025-11-01,Iztacalco,521246.5499253217,9,14
2025-12-01,Iztacalco,470163.76909927,13,16
2026-01-01,Iztacalco,448075.8672790793,7,18
2026-02-01,Iztacalco,467006.1029140311,10,10
2026-03-01,Iztacalco,523652.904723999,11,14
2025-04-01,Iztapalapa,272910.9886818286,2,12
2025-05-01,Iztapalapa,260243.3957476755,6,8
2025-06-01,Iztapalapa,236013.0624517344,3,8
2025-07-01,Iztapalapa,243578.1669185751,7,8
2025-08-01,Iztapalapa,257481.00916689663,3,5
2025-09-01,Iztapalapa,254697.54653092692,4,6
2025-10-01,Iztapalapa,267993.00594797527,3,8
2025-11-01,Iztapalapa,247476.473891271,7,6
2025-12-01,Iztapalapa,254703.70278412345,5,5
2026-01-01,Iztapalapa,239403.3255267648,5,10
2026-02-01,Iztapalapa,235223.0855036573,2,11
2026-03-01,Iztapalapa,269119.1067636501,6,11
2025-04-01,Jamaica,484927.56707130553,6,22
2025-05-01,Jamaica,546568.9773917244,15,14
2025-06-01,Jamaica,501171.76274826186,7,24
2025-07-01,Jamaica,514138.6540351912,7,13
2025-08-01,Jamaica,511987.8920010383,5,24
2025-09-01,Jamaica,552124.7553244492,10,27
2025-10-01,Jamaica,654421.3007198218,13,27
2025-11-01,Jamaica,585133.0211809167,6,28
2025-12-01,Jamaica,585951.0879066781,14,21
2026-01-01,Jamaica,478177.4696333521,9,13
2026-02-01,Jamaica,494836.0469103888,10,16
2026-03-01,Jamaica,513991.74524353456,9,19
2025-04-01,Juanacatlán,-7066.609382872731,0,0
2025-05-01,Juanacatlán,-1947.7147151929464,0,0
2025-06-01,Juanacatlán,-2450.44034543893,0,0
2025-07-01,Juanacatlán,-8453.825745173004,0,0
2025-08-01,Juanacatlán,-6437.330142096313,0,0
2025-09-01,Juanacatlán,-12442.953773096,0,0
2025-10-01,Juanacatlán,-9363.392245975578,0,0
2025-11-01,Juanacatlán,-27520.97439652888,0,-1
2025-12-01,Juanacatlán,-33465.02465123739,0,-1
2026-01-01,Juanacatlán,-12948.102307238874,0,0
2026-02-01,Juanacatlán,-4128.881591153186,0,0
2026-03-01,Juanacatlán,8161.123070057981,0,0
2025-04-01,Juárez,407765.6260904156,9,13
2025-05-01,Juárez,416151.69440868846,9,17
2025-06-01,Juárez,403992.37931178615,4,11
2025-07-01,Juárez,383968.1144101492,5,15
2025-08-01,Juárez,407076.3359687168,5,16
2025-09-01,Juárez,411807.0382699176,9,10
2025-10-01,Juárez,441377.12982088863,4,16
2025-11-01,Juárez,426353.71388849855,5,18
2025-12-01,Juárez,398038.74115446536,10,13
2026-01-01,Juárez,414069.4936348182,5,8
2026-02-01,Juárez,416306.4514165216,9,8
2026-03-01,Juárez,443949.29325256887,6,13
2025-04-01,La Paz,1200505.7836765256,14,57
2025-05-01,La Paz,1289599.5319275751,19,34
2025-06-01,La Paz,1255437.860843507,30,49
2025-07-01,La Paz,1223404.7931723013,33,32
2025-08-01,La Paz,1304541.2139611526,34,38
2025-09-01,La Paz,1153413.6907760056,20,52
2025-10-01,La Paz,1221519.8629997466,28,51
2025-11-01,La Paz,1181079.2448874745,16,27
2025-12-01,La Paz,1203663.8647336154,19,39
2026-01-01,La Paz,1266269.0683520264,35,26
2026-02-01,La Paz,1242321.1584050346,12,42
2026-03-01,La Paz,1288435.8624690787,15,51
2025-04-01,La Raza,1116681.4574801854,15,26
2025-05-01,La Raza,1241844.7590381652,13,35
2025-06-01,La Raza,1165609.7518599662,15,37
2025-07-01,La Raza,1160280.497847455,25,55
2025-08-01,La Raza,1189229.315094924,21,59
2025-09-01,La Raza,1203227.139686111,33,25
2025-10-01,La Raza,1233455.103725253,32,52
2025-11-01,La Raza,1198002.293204604,20,37
2025-12-01,La Raza,1143104.7551387814,17,36
2026-01-01,La Raza,1135873.9226797866,19,48
2026-02-01,La Raza,1156369.697546139,25,54
2026-03-01,La Raza,1235293.5005924853,18,59
2025-04-01,La Viga,189484.8295827132,4,7
2025-05-01,La Viga,200255.8708616126,3,6
2025-06-01,La Viga,175147.15038566024,3,7
2025-07-01,La Viga,177410.22043179715,3,4
2025-08-01,La Viga,185995.98321771857,2,6
2025-09-01,La Viga,182137.00310146407,5,5
2025-10-01,La Viga,206843.46667607347,5,8
2025-11-01,La Viga,184318.8700450884,2,5
2025-12-01,La Viga,182854.17629177275,5,4
2026-01-01,La Viga,163500.49353516122,3,7
2026-02-01,La Viga,166175.83470257724,4,3
2026-03-01,La Viga,186051.5744994274,4,6
2025-04-01,La Villa/Basílica,297076.2631337462,5,7
2025-05-01,La Villa/Basílica,321809.4509233827,3,6
2025-06-01,La Villa/Basílica,310321.8781088912,4,6
2025-07-01,La Villa/Basílica,333470.70923730487,6,8
2025-08-01,La Villa/Basílica,352204.71074890526,7,16
2025-09-01,La Villa/Basílica,315369.7455932973,4,8
2025-10-01,La Villa/Basílica,336646.71589212463,4,16
2025-11-01,La Villa/Basílica,338960.29228435946,9,12
2025-12-01,La Villa/Basílica,428853.5654930036,12,14
2026-01-01,La Villa/Basílica,344457.61067898147,7,12
2026-02-01,La Villa/Basílica,315165.1961023434,4,11
2026-03-01,La Villa/Basílica,328942.2304291228,5,14
2025-04-01,Lagunilla,530380.3247250536,5,15
2025-05-01,Lagunilla,589142.2726114667,16,18
2025-06-01,Lagunilla,596946.0978599956,7,27
2025-07-01,Lagunilla,643501.9921493159,13,31
2025-08-01,Lagunilla,652356.0601821959,10,30
2025-09-01,Lagunilla,591733.7063175343,12,19
2025-10-01,Lagunilla,629592.7815549433,14,27
2025-11-01,Lagunilla,643731.4877941046,17,22
2025-12-01,Lagunilla,858971.0903718905,12,30
2026-01-01,Lagunilla,622692.7916830652,6,16
2026-02-01,Lagunilla,567097.4793680827,7,21
2026-03-01,Lagunilla,573715.4574853841,16,14
2025-04-01,Lindavista,411544.08969838807,11,12
2025-05-01,Lindavista,462733.092206886,10,21
2025-06-01,Lindavista,434902.7480992089,9,11
2025-07-01,Lindavista,371499.8811789441,8,8
2025-08-01,Lindavista,410782.9525000799,5,9
2025-09-01,Lindavista,472483.4760622397,13,22
2025-10-01,Lindavista,482268.2085073919,8,16
2025-11-01,Lindavista,445579.76979244815,7,14
2025-12-01,Lindavista,401589.5130679749,8,17
2026-01-01,Lindavista,392878.8860197356,4,17
2026-02-01,Lindavista,431978.4955490074,5,12
2026-03-01,Lindavista,486013.63906974136,12,19
2025-04-01,Lomas Estrella,274303.0015928229,3,11
2025-05-01,Lomas Estrella,263626.7630218652,5,10
2025-06-01,Lomas Estrella,262059.5472027887,3,6
2025-07-01,Lomas Estrella,298154.7939820033,5,13
2025-08-01,Lomas Estrella,338377.72401755844,5,12
2025-09-01,Lomas Estrella,344043.0974157933,5,9
2025-10-01,Lomas Estrella,356176.3322451046,8,11
2025-11-01,Lomas Estrella,352551.25121457933,5,7
2025-12-01,Lomas Estrella,345704.9881992247,7,8
2026-01-01,Lomas Estrella,344530.3325065491,6,14
2026-02-01,Lomas Estrella,371413.57885843056,8,7
2026-03-01,Lomas Estrella,386068.0683631357,11,12
2025-04-01,Los Reyes,544269.4326295789,13,19
2025-05-01,Los Reyes,570881.0557600813,8,12
2025-06-01,Los Reyes,555228.7672685789,5,27
2025-07-01,Los Reyes,539758.5507397366,8,14
2025-08-01,Los Reyes,565447.7665447596,12,16
2025-09-01,Los Reyes,567566.5789730287,6,16
2025-10-01,Los Reyes,596515.4305646125,11,16
2025-11-01,Los Reyes,566233.9149493433,12,11
2025-12-01,Los Reyes,606193.3682896823,10,25
2026-01-01,Los Reyes,585396.4417030496,14,28
2026-02-01,Los Reyes,575207.038645889,6,15
2026-03-01,Los Reyes,593025.7744658598,6,23
2025-04-01,Lázaro Cárdenas,293966.4195882653,7,12
2025-05-01,Lázaro Cárdenas,318071.94538566127,6,14
2025-06-01,Lázaro Cárdenas,302984.5726414309,7,9
2025-07-01,Lázaro Cárdenas,294898.42330345185,5,8
2025-08-01,Lázaro Cárdenas,310675.3217950415,4,9
2025-09-01,Lázaro Cárdenas,301633.60118284053,7,12
2025-10-01,Lázaro Cárdenas,318554.2133684595,8,14
2025-11-01,Lázaro Cárdenas,298186.0607974073,7,7
2025-12-01,Lázaro Cárdenas,318347.3578735353,4,9
2026-01-01,Lázaro Cárdenas,241430.10337738416,5,11
2026-02-01,Lázaro Cárdenas,234936.6113053109,4,10
2026-03-01,Lázaro Cárdenas,241461.80962130093,2,11
2025-04-01,Martín Carrera,1240336.275565866,35,52
2025-05-01,Martín Carrera,1325700.755955798,16,42
2025-06-01,Martín Carrera,1285364.0845977776,37,48
2025-07-01,Martín Carrera,1291455.1949263224,24,51
2025-08-01,Martín Carrera,1331934.0468260332,18,29
2025-09-01,Martín Carrera,1345282.7358400065,28,48
2025-10-01,Martín Carrera,1423282.6001004835,39,58
2025-11-01,Martín Carrera,1345729.9204337366,33,33
2025-12-01,Martín Carrera,1302378.6125551302,34,56
2026-01-01,Martín Carrera,1319587.6673339924,30,49
2026-02-01,Martín Carrera,1336958.1991281714,31,64
2026-03-01,Martín Carrera,1428320.2999470783,38,30
2025-04-01,Merced,956832.5430331376,14,26
2025-05-01,Merced,952606.1643722716,18,36
2025-06-01,Merced,979356.6321940618,14,28
2025-07-01,Merced,1156230.362319563,34,47
2025-08-01,Merced,1323268.1702437298,38,56
2025-09-01,Merced,1355036.818252037,14,31
2025-10-01,Merced,2003529.822262958,48,70
2025-11-01,Merced,374487.3487660508,10,13
2025-12-01,Merced,482669.4772782152,6,15
2026-01-01,Merced,192084.21948465653,4,9
2026-02-01,Merced,-25173.77350393365,0,-1
2026-03-01,Merced,231650.33420640152,2,9
2025-04-01,Mexicaltzingo,481454.0144969865,11,19
2025-05-01,Mexicaltzingo,470195.3807213348,7,15
2025-06-01,Mexicaltzingo,466372.8279247804,13,22
2025-07-01,Mexicaltzingo,478690.9207966029,14,19
2025-08-01,Mexicaltzingo,452156.15589650953,13,18
2025-09-01,Mexicaltzingo,490201.65761003183,9,22
2025-10-01,Mexicaltzingo,540194.412209005,14,15
2025-11-01,Mexicaltzingo,511914.463085113,13,22
2025-12-01,Mexicaltzingo,468883.5007907364,7,12
2026-01-01,Mexicaltzingo,501880.7275131544,13,15
2026-02-01,Mexicaltzingo,541437.5862502852,5,16
2026-03-01,Mexicaltzingo,566568.8872487531,12,27
2025-04-01,Misterios,197162.84844316827,2,9
2025-05-01,Misterios,213348.9640858267,2,8
2025-06-01,Misterios,206920.4912579204,2,8
2025-07-01,Misterios,206329.20572511872,4,7
2025-08-01,Misterios,217474.3960585906,3,10
2025-09-01,Misterios,220847.96427504532,5,7
2025-10-01,Misterios,216890.2424658301,2,6
2025-11-01,Misterios,222593.26017061007,3,5
2025-12-01,Misterios,218946.63085053177,4,9
2026-01-01,Misterios,212568.89581343048,5,8
2026-02-01,Misterios,210681.51776783567,3,6
2026-03-01,Misterios,219546.2008091112,4,4
2025-04-01,Mixcoac,1002550.9206520482,27,45
2025-05-01,Mixcoac,1063847.7906945285,23,21
2025-06-01,Mixcoac,921746.3722567472,13,37
2025-07-01,Mixcoac,955666.8260890822,10,46
2025-08-01,Mixcoac,1043707.3037641222,28,34
2025-09-01,Mixcoac,1011366.1574649016,10,27
2025-10-01,Mixcoac,1086702.2174497598,29,44
2025-11-01,Mixcoac,1030336.919170664,21,45
2025-12-01,Mixcoac,923239.9296368428,26,33
2026-01-01,Mixcoac,682044.4591640995,17,33
2026-02-01,Mixcoac,892255.1955283236,26,19
2026-03-01,Mixcoac,988240.3438152483,16,34
2025-04-01,Mixiuhca,577181.0029843601,14,23
2025-05-01,Mixiuhca,617248.4592106927,11,28
2025-06-01,Mixiuhca,598618.7396952956,11,15
2025-07-01,Mixiuhca,602067.677114385,13,26
2025-08-01,Mixiuhca,631175.7604872978,17,23
2025-09-01,Mixiuhca,599826.6843679798,17,19
2025-10-01,Mixiuhca,628511.5563745738,15,15
2025-11-01,Mixiuhca,598682.3624157781,10,27
2025-12-01,Mixiuhca,575516.4273285277,10,14
2026-01-01,Mixiuhca,612399.3683555801,15,17
2026-02-01,Mixiuhca,612745.2052610678,9,17
2026-03-01,Mixiuhca,654395.5599247913,7,30
2025-04-01,Moctezuma,447203.3884675907,7,17
2025-05-01,Moctezuma,408900.4302464356,6,17
2025-06-01,Moctezuma,461056.841566532,7,12
2025-07-01,Moctezuma,431604.3171735447,6,16
2025-08-01,Moctezuma,413339.7029845046,4,15
2025-09-01,Moctezuma,435445.7675886053,4,19
2025-10-01,Moctezuma,391030.6633722775,11,18
2025-11-01,Moctezuma,1419972.8205361085,26,28
2025-12-01,Moctezuma,1497773.891365039,26,60
2026-01-01,Moctezuma,1673528.0042172316,39,36
2026-02-01,Moctezuma,1623679.6138339587,23,59
2026-03-01,Moctezuma,1531575.3249782296,44,43
2025-04-01,Morelos,305088.8097165838,7,8
2025-05-01,Morelos,321850.5519411095,3,9
2025-06-01,Morelos,297543.7140189757,5,11
2025-07-01,Morelos,307793.9231560006,8,9
2025-08-01,Morelos,319294.8702447449,9,13
2025-09-01,Morelos,311291.2050003948,6,10
2025-10-01,Morelos,336497.0248815671,7,7
2025-11-01,Morelos,320208.42788030504,4,13
2025-12-01,Morelos,344507.0766760676,10,9
2026-01-01,Morelos,305615.6684856348,4,10
2026-02-01,Morelos,284284.7425691662,8,11
2026-03-01,Morelos,313809.394405052,7,9
2025-04-01,Múzquiz,-334508.45968289697,-7,-7
2025-05-01,Múzquiz,-717778.1407076562,-14,-22
2025-06-01,Múzquiz,-981938.7076815296,-14,-47
2025-07-01,Múzquiz,-1037804.0786429544,-14,-40
2025-08-01,Múzquiz,-1053855.0686049515,-15,-42
2025-09-01,Múzquiz,-970918.6107133068,-13,-37
2025-10-01,Múzquiz,-973178.89627557,-24,-25
2025-11-01,Múzquiz,-1106182.0933011426,-18,-36
2025-12-01,Múzquiz,-1022629.2447911288,-11,-43
2026-01-01,Múzquiz,-1041884.0301730544,-30,-24
2026-02-01,Múzquiz,-1057331.706284465,-29,-29
2026-03-01,Múzquiz,-1026574.6731353756,-29,-29
2025-04-01,Nativitas,494265.8953736314,14,16
2025-05-01,Nativitas,494620.3013918851,6,24
2025-06-01,Nativitas,535342.6858018163,9,11
2025-07-01,Nativitas,538636.0223027723,13,19
2025-08-01,Nativitas,562855.6305981549,13,14
2025-09-01,Nativitas,543047.3640379908,7,26
2025-10-01,Nativitas,585328.8112975929,15,13
2025-11-01,Nativitas,556748.8615678684,8,17
2025-12-01,Nativitas,541492.6957117202,7,22
2026-01-01,Nativitas,535055.100765471,11,22
2026-02-01,Nativitas,502475.43119525287,10,16
2026-03-01,Nativitas,526019.7967679519,11,15
2025-04-01,Nezahualcóyotl,532861.038248256,6,17
2025-05-01,Nezahualcóyotl,568832.6599002667,15,15
2025-06-01,Nezahualcóyotl,474395.4790618944,7,12
2025-07-01,Nezahualcóyotl,445858.0231900433,5,15
2025-08-01,Nezahualcóyotl,570197.7019506574,15,15
2025-09-01,Nezahualcóyotl,546486.1896069318,15,15
2025-10-01,Nezahualcóyotl,501614.2545198068,13,19
2025-11-01,Nezahualcóyotl,454440.3378411627,11,22
2025-12-01,Nezahualcóyotl,452167.3068867138,10,17
2026-01-01,Nezahualcóyotl,456731.77235914936,9,10
2026-02-01,Nezahualcóyotl,520315.360295925,6,11
2026-03-01,Nezahualcóyotl,480297.1177960331,8,23
2025-04-01,Niños Héroes,588444.399882179,10,17
2025-05-01,Niños Héroes,620332.0504539246,9,14
2025-06-01,Niños Héroes,571235.4847450162,13,21
2025-07-01,Niños Héroes,517126.6726337722,10,20
2025-08-01,Niños Héroes,588582.5624502847,6,23
2025-09-01,Niños Héroes,542825.0322463985,7,15
2025-10-01,Niños Héroes,640002.7618166226,15,13
2025-11-01,Niños Héroes,586015.9659618684,6,28
2025-12-01,Niños Héroes,481530.1459072229,13,13
2026-01-01,Niños Héroes,573087.5495881018,11,23
2026-02-01,Niños Héroes,556342.7854690725,10,22
2026-03-01,Niños Héroes,625543.6596318833,13,23
2025-04-01,Nopalera,673661.9615917761,17,19
2025-05-01,Nopalera,645297.7387323001,10,18
2025-06-01,Nopalera,656488.2565536893,15,24
2025-07-01,Nopalera,669458.6832796844,14,30
2025-08-01,Nopalera,680293.6672975892,10,32
2025-09-01,Nopalera,687563.2604455092,18,15
2025-10-01,Nopalera,694429.9897652371,18,17
2025-11-01,Nopalera,697794.2387766901,16,33
2025-12-01,Nopalera,699368.3572118892,18,29
2026-01-01,Nopalera,809581.1767615157,22,37
2026-02-01,Nopalera,938452.6574095256,22,24
2026-03-01,Nopalera,974314.5232782268,26,36
2025-04-01,Normal,947797.7548140011,22,38
2025-05-01,Normal,1009524.5224007596,23,40
2025-06-01,Normal,976811.4136974548,21,31
2025-07-01,Normal,904483.1413044328,22,18
2025-08-01,Normal,941997.4965404668,12,35
2025-09-01,Normal,1032142.3145708096,28,28
2025-10-01,Normal,1067270.9976606113,29,35
2025-11-01,Normal,1021121.3019419928,10,49
2025-12-01,Normal,934419.1054332384,24,29
2026-01-01,Normal,925532.4023915624,11,41
2026-02-01,Normal,981444.9137070404,16,25
2026-03-01,Normal,1077662.9240149595,26,43
2025-04-01,Norte 45,149863.87682024742,1,7
2025-05-01,Norte 45,174639.43525057373,4,4
2025-06-01,Norte 45,172607.44710118766,4,3
2025-07-01,Norte 45,175166.80710316956,3,5
2025-08-01,Norte 45,176888.11514763732,1,4
2025-09-01,Norte 45,171518.90822883835,2,7
2025-10-01,Norte 45,179761.9711543791,4,8
2025-11-01,Norte 45,167568.38956170692,4,5
2025-12-01,Norte 45,153258.28246645269,3,4
2026-01-01,Norte 45,167566.64494928144,2,5
2026-02-01,Norte 45,160640.49557438458,3,6
2026-03-01,Norte 45,168557.92199342488,3,3
2025-04-01,Obrera,348875.9869434476,8,13
2025-05-01,Obrera,371196.5421228746,4,14
2025-06-01,Obrera,357364.25455876044,9,13
2025-07-01,Obrera,358809.45085442177,7,9
2025-08-01,Obrera,365368.8675913531,10,15
2025-09-01,Obrera,355014.3490468713,5,8
2025-10-01,Obrera,376652.47672931897,8,9
2025-11-01,Obrera,356975.7856090995,10,16
2025-12-01,Obrera,349671.99644449266,4,14
2026-01-01,Obrera,341434.0175527447,9,6
2026-02-01,Obrera,325830.71539772773,7,8
2026-03-01,Obrera,347598.3994318585,3,9
2025-04-01,Observatorio,-32100.66611076804,0,0
2025-05-01,Observatorio,-3385.2218024916656,0,0
2025-06-01,Observatorio,-33013.61883936977,0,0
2025-07-01,Observatorio,-32461.683109252688,0,-1
2025-08-01,Observatorio,-36363.735607299706,0,-1
2025-09-01,Observatorio,-47654.387706332745,-1,-1
2025-10-01,Observatorio,-31245.51407070625,0,-1
2025-11-01,Observatorio,-101741.58190462943,-2,-2
2025-12-01,Observatorio,-116948.34553174808,-3,-5
2026-01-01,Observatorio,21323.25340915784,0,0
2026-02-01,Observatorio,54998.57106941496,1,2
2026-03-01,Observatorio,128217.17424899893,1,5
2025-04-01,Oceanía,464412.8142886658,11,22
2025-05-01,Oceanía,498192.16641729313,5,18
2025-06-01,Oceanía,454963.2427028587,4,11
2025-07-01,Oceanía,454563.6880741369,7,17
2025-08-01,Oceanía,479063.53180282906,9,20
2025-09-01,Oceanía,479562.216332207,12,20
2025-10-01,Oceanía,490582.4567448451,11,17
2025-11-01,Oceanía,463388.25485674926,8,10
2025-12-01,Oceanía,429937.62956113176,6,13
2026-01-01,Oceanía,425873.4186416394,12,20
2026-02-01,Oceanía,423145.7620848012,7,15
2026-03-01,Oceanía,461169.9628886019,8,16
2025-04-01,Olivos,443812.23735140736,5,12
2025-05-01,Olivos,424113.5102688512,10,13
2025-06-01,Olivos,429737.864514988,10,20
2025-07-01,Olivos,438672.5092266537,6,17
2025-08-01,Olivos,447753.9753894781,5,19
2025-09-01,Olivos,453098.6277115718,10,15
2025-10-01,Olivos,459399.4250781249,10,17
2025-11-01,Olivos,461704.8029232437,7,12
2025-12-01,Olivos,463066.0891623198,13,19
2026-01-01,Olivos,517880.55959827336,6,17
2026-02-01,Olivos,619304.9130297888,11,20
2026-03-01,Olivos,644241.7066790716,18,25
2025-04-01,Olímpica,430294.7685229464,7,20
2025-05-01,Olímpica,462153.5359137703,10,10
2025-06-01,Olímpica,438473.9553090232,7,19
2025-07-01,Olímpica,435531.64194136736,6,12
2025-08-01,Olímpica,454095.09854761336,13,15
2025-09-01,Olímpica,451863.4576292323,8,9
2025-10-01,Olímpica,485167.9907082216,13,14
2025-11-01,Olímpica,458481.13375066506,6,16
2025-12-01,Olímpica,443209.7127157154,6,9
2026-01-01,Olímpica,438018.9808301227,4,15
2026-02-01,Olímpica,430190.65214475984,9,20
2026-03-01,Olímpica,464573.9178648821,8,10
2025-04-01,Panteones,319526.0042593864,8,13
2025-05-01,Panteones,337501.6858784443,6,10
2025-06-01,Panteones,315666.0028368923,9,12
2025-07-01,Panteones,313712.1013147567,4,8
2025-08-01,Panteones,327301.7016698547,8,8
2025-09-01,Panteones,321511.08754309226,8,7
2025-10-01,Panteones,345954.5157823376,8,7
2025-11-01,Panteones,329853.1773715632,8,8
2025-12-01,Panteones,308284.8636669518,7,12
2026-01-01,Panteones,311207.4686069287,7,14
2026-02-01,Panteones,307613.5074224512,3,13
2026-03-01,Panteones,339935.3563508444,3,13
2025-04-01,Pantitlán,4216855.239445093,119,98
2025-05-01,Pantitlán,4495822.29538295,100,128
2025-06-01,Pantitlán,4364548.978024995,113,127
2025-07-01,Pantitlán,4194545.030849164,82,115
2025-08-01,Pantitlán,4479751.637573168,55,158
2025-09-01,Pantitlán,4571618.376138736,57,164
2025-10-01,Pantitlán,4399493.852989251,104,135
2025-11-01,Pantitlán,4717044.962870562,87,144
2025-12-01,Pantitlán,4366119.857678373,61,195
2026-01-01,Pantitlán,3679983.575907545,72,160
2026-02-01,Pantitlán,3588480.1585167414,40,104
2026-03-01,Pantitlán,3624275.183005302,78,171
2025-04-01,Parque de los Venados,305453.4481460708,4,14
2025-05-01,Parque de los Venados,308906.8129406116,8,9
2025-06-01,Parque de los Venados,301923.59506112064,4,9
2025-07-01,Parque de los Venados,303023.20550679654,5,10
2025-08-01,Parque de los Venados,318920.43207797635,3,15
2025-09-01,Parque de los Venados,316920.6597437109,3,14
2025-10-01,Parque de los Venados,333068.4361301727,5,7
2025-11-01,Parque de los Venados,318291.5804720361,6,10
2025-12-01,Parque de los Venados,288478.20351842605,6,10
2026-01-01,Parque de los Venados,324386.06879098614,5,11
2026-02-01,Parque de los Venados,342819.51210339624,8,8
2026-03-01,Parque de los Venados,361528.87596971,9,16
2025-04-01,Patriotismo,504449.45743934345,12,20
2025-05-01,Patriotismo,545353.6214792895,5,24
2025-06-01,Patriotismo,512908.1668529175,10,23
2025-07-01,Patriotismo,504366.1792039097,6,21
2025-08-01,Patriotismo,531870.7346460802,7,17
2025-09-01,Patriotismo,542311.730482276,16,20
2025-10-01,Patriotismo,583460.1567015409,7,14
2025-11-01,Patriotismo,569554.6318401478,11,22
2025-12-01,Patriotismo,519950.2854697225,11,13
2026-01-01,Patriotismo,549985.6342128621,13,22
2026-02-01,Patriotismo,549117.9607290521,11,14
2026-03-01,Patriotismo,576936.7411314549,5,13
2025-04-01,Periférico Oriente,930190.935369824,15,23
2025-05-01,Periférico Oriente,872905.5829025311,17,17
2025-06-01,Periférico Oriente,869876.9375429287,10,36
2025-07-01,Periférico Oriente,1064623.7458460282,18,44
2025-08-01,Periférico Oriente,1318522.8497261044,14,46
2025-09-01,Periférico Oriente,1339738.554042508,15,33
2025-10-01,Periférico Oriente,1393195.0001674634,24,31
2025-11-01,Periférico Oriente,1379099.551820651,17,28
2025-12-01,Periférico Oriente,1352241.964427136,28,33
2026-01-01,Periférico Oriente,1422398.7198148242,33,66
2026-02-01,Periférico Oriente,1197965.5462527163,31,32
2026-03-01,Periférico Oriente,1255928.8122678795,17,38
2025-04-01,Peñón Viejo,259320.8340397984,3,6
2025-05-01,Peñón Viejo,352174.277685359,4,9
2025-06-01,Peñón Viejo,343661.97296891053,7,12
2025-07-01,Peñón Viejo,321141.3198927238,7,12
2025-08-01,Peñón Viejo,344100.12403871573,3,9
2025-09-01,Peñón Viejo,347284.0107232373,9,7
2025-10-01,Peñón Viejo,368012.3130201473,4,11
2025-11-01,Peñón Viejo,347615.32951245416,7,9
2025-12-01,Peñón Viejo,339429.7600090967,8,9
2026-01-01,Peñón Viejo,310670.39740916097,8,15
2026-02-01,Peñón Viejo,310003.46676051256,7,11
2026-03-01,Peñón Viejo,321883.27499198145,8,11
2025-04-01,Pino Suárez,1239891.5295432855,20,40
2025-05-01,Pino Suárez,1110837.6671201997,29,36
2025-06-01,Pino Suárez,794216.8833002984,9,28
2025-07-01,Pino Suárez,1834955.7134201808,51,75
2025-08-01,Pino Suárez,2087487.5907935428,43,85
2025-09-01,Pino Suárez,2894415.410816164,76,72
2025-10-01,Pino Suárez,506084.2112009786,9,17
2025-11-01,Pino Suárez,5625109.77274032,128,182
2025-12-01,Pino Suárez,6582037.2329560295,135,303
2026-01-01,Pino Suárez,5842533.535394347,143,227
2026-02-01,Pino Suárez,5842368.700428465,67,210
2026-03-01,Pino Suárez,5379558.490398515,60,126
2025-04-01,Plaza Aragón,437018.7122174631,6,16
2025-05-01,Plaza Aragón,480128.37208398245,6,11
2025-06-01,Plaza Aragón,455428.0593366846,12,13
2025-07-01,Plaza Aragón,498888.9959729969,7,12
2025-08-01,Plaza Aragón,488164.8190941192,14,19
2025-09-01,Plaza Aragón,480080.5803521655,8,12
2025-10-01,Plaza Aragón,498911.0531331826,6,15
2025-11-01,Plaza Aragón,470347.589203762,12,22
2025-12-01,Plaza Aragón,475977.1578095782,11,12
2026-01-01,Plaza Aragón,451882.0729798707,9,15
2026-02-01,Plaza Aragón,424253.6536640858,8,13
2026-03-01,Plaza Aragón,438402.4603736143,10,9
2025-04-01,Polanco,955208.4008418478,13,41
2025-05-01,Polanco,1058745.2289168732,31,23
2025-06-01,Polanco,1033890.0811354552,30,35
2025-07-01,Polanco,1047875.0848476712,24,38
2025-08-01,Polanco,1084792.6446464194,15,42
2025-09-01,Polanco,1122718.2708614566,26,45
2025-10-01,Polanco,1300061.9024916328,14,35
2025-11-01,Polanco,1272597.9630543513,13,25
2025-12-01,Polanco,1187843.0615494552,18,49
2026-01-01,Polanco,1172223.3348475168,22,42
2026-02-01,Polanco,1187734.1984996814,32,53
2026-03-01,Polanco,1195986.6528444537,29,53
2025-04-01,Politécnico,776090.4716975149,19,35
2025-05-01,Politécnico,818433.1027398622,15,28
2025-06-01,Politécnico,727743.0666792357,12,21
2025-07-01,Politécnico,573037.793556292,9,25
2025-08-01,Politécnico,690521.1379050578,20,23
2025-09-01,Politécnico,776751.519893682,8,19
2025-10-01,Politécnico,784702.2962086531,21,35
2025-11-01,Politécnico,743685.8115416188,16,34
2025-12-01,Politécnico,639566.9062080673,12,21
2026-01-01,Politécnico,588271.601966314,14,13
2026-02-01,Politécnico,699822.4007156339,13,22
2026-03-01,Politécnico,823310.0065758178,22,36
2025-04-01,Popotla,192323.73290965203,5,9
2025-05-01,Popotla,247991.1105238812,4,6
2025-06-01,Popotla,252844.05840002085,3,5
2025-07-01,Popotla,209866.68628932568,4,9
2025-08-01,Popotla,220537.4307496149,6,6
2025-09-01,Popotla,279806.26759525354,3,10
2025-10-01,Popotla,273270.240736295,6,13
2025-11-01,Popotla,233375.0472797647,5,5
2025-12-01,Popotla,191932.21402471064,4,7
2026-01-01,Popotla,187224.64331874688,2,4
2026-02-01,Popotla,254592.3342423377,6,7
2026-03-01,Popotla,241861.57358495184,6,10
2025-04-01,Portales,531985.350847484,7,17
2025-05-01,Portales,538982.8596416374,7,26
2025-06-01,Portales,528315.11974761,15,19
2025-07-01,Portales,541382.1239510088,7,16
2025-08-01,Portales,536587.536800266,14,14
2025-09-01,Portales,552981.2739235525,10,16
2025-10-01,Portales,590906.3094533546,8,18
2025-11-01,Portales,564389.4742493606,15,12
2025-12-01,Portales,565613.4727239532,10,17
2026-01-01,Portales,566178.900801357,11,19
2026-02-01,Portales,554900.2258587048,9,23
2026-03-01,Portales,596063.8885229382,13,23
2025-04-01,Potrero,363971.9614595944,4,15
2025-05-01,Potrero,410079.2037091436,7,8
2025-06-01,Potrero,394580.6388430088,11,10
2025-07-01,Potrero,393268.0954902885,5,15
2025-08-01,Potrero,414966.31373564026,9,14
2025-09-01,Potrero,420309.2674142639,6,8
2025-10-01,Potrero,442172.2622261649,11,19
2025-11-01,Potrero,409363.1339406805,5,17
2025-12-01,Potrero,404149.79658484086,11,14
2026-01-01,Potrero,369817.23839622544,7,8
2026-02-01,Potrero,369589.3929657212,5,15
2026-03-01,Potrero,370867.1390661583,4,13
2025-04-01,Puebla,838381.5541429508,11,36
2025-05-01,Puebla,918618.4866990362,18,39
2025-06-01,Puebla,946375.1187993592,15,41
2025-07-01,Puebla,958461.1373204468,25,34
2025-08-01,Puebla,1010683.2648378484,18,24
2025-09-01,Puebla,1354458.1637247528,20,54
2025-10-01,Puebla,1673923.416314498,37,64
2025-11-01,Puebla,1530614.4196212117,36,64
2025-12-01,Puebla,1387334.328907475,18,34
2026-01-01,Puebla,1297861.5384287245,17,33
2026-02-01,Puebla,1300798.0359084103,13,60
2026-03-01,Puebla,1362540.4148341997,33,57
2025-04-01,Refinería,267709.7038597327,6,12
2025-05-01,Refinería,275937.29958350444,5,11
2025-06-01,Refinería,270949.7946231249,7,10
2025-07-01,Refinería,274212.33129633655,7,10
2025-08-01,Refinería,273048.2307290729,5,12
2025-09-01,Refinería,274290.0513687662,7,10
2025-10-01,Refinería,274243.33257868624,3,10
2025-11-01,Refinería,273837.73949255946,3,6
2025-12-01,Refinería,274989.6417320815,4,9
2026-01-01,Refinería,356811.0059956327,3,14
2026-02-01,Refinería,333286.31820886175,6,9
2026-03-01,Refinería,352024.4916407764,10,9
2025-04-01,Revolución,829820.2913257605,8,24
2025-05-01,Revolución,866516.4051900245,10,23
2025-06-01,Revolución,838520.4364277225,15,22
2025-07-01,Revolución,820806.1366099772,23,26
2025-08-01,Revolución,843826.9725472621,13,39
2025-09-01,Revolución,831525.4478261045,16,29
2025-10-01,Revolución,871898.5120684239,9,22
2025-11-01,Revolución,896990.6981188772,11,20
2025-12-01,Revolución,876068.3943250583,26,35
2026-01-01,Revolución,881491.4342680626,25,27
2026-02-01,Revolución,866205.7410316138,8,38
2026-03-01,Revolución,921359.7405674764,26,36
2025-04-01,Ricardo Flores Magón,179605.34026301006,4,7
2025-05-01,Ricardo Flores Magón,195750.30210798385,5,5
2025-06-01,Ricardo Flores Magón,186238.801829514,3,7
2025-07-01,Ricardo Flores Magón,188852.5437829453,3,5
2025-08-01,Ricardo Flores Magón,192981.3132320492,3,9
2025-09-01,Ricardo Flores Magón,184551.4780139415,4,7
2025-10-01,Ricardo Flores Magón,197818.954680564,2,5
2025-11-01,Ricardo Flores Magón,192317.050995874,2,5
2025-12-01,Ricardo Flores Magón,191622.366923102,3,4
2026-01-01,Ricardo Flores Magón,185816.55580210223,4,7
2026-02-01,Ricardo Flores Magón,182278.72258152155,2,4
2026-03-01,Ricardo Flores Magón,195945.542219626,4,7
2025-04-01,Romero Rubio,407466.0952382399,11,11
2025-05-01,Romero Rubio,430956.7699876462,5,17
2025-06-01,Romero Rubio,444842.439030656,10,19
2025-07-01,Romero Rubio,445406.9673316967,8,19
2025-08-01,Romero Rubio,447321.64365397947,12,19
2025-09-01,Romero Rubio,462598.1425804739,6,11
2025-10-01,Romero Rubio,488998.2835446786,11,11
2025-11-01,Romero Rubio,484830.1072409394,12,19
2025-12-01,Romero Rubio,559746.2044746038,16,17
2026-01-01,Romero Rubio,509157.4390675084,12,16
2026-02-01,Romero Rubio,503301.2022972848,10,10
2026-03-01,Romero Rubio,491982.7790069916,10,13
2025-04-01,Río de los Remedios,414059.8613738495,11,8
2025-05-01,Río de los Remedios,452379.712504824,9,20
2025-06-01,Río de los Remedios,425699.4638664035,4,11
2025-07-01,Río de los Remedios,424935.4592619292,12,15
2025-08-01,Río de los Remedios,424474.9750820996,10,8
2025-09-01,Río de los Remedios,449308.2487522303,10,17
2025-10-01,Río de los Remedios,526361.7460256693,7,15
2025-11-01,Río de los Remedios,487027.5684439354,11,22
2025-12-01,Río de los Remedios,482735.4058524716,8,22
2026-01-01,Río de los Remedios,466548.7861702405,10,13
2026-02-01,Río de los Remedios,483335.0823634719,5,22
2026-03-01,Río de los Remedios,485741.3858201375,11,24
2025-04-01,Salto del Agua,562874.4102541327,16,25
2025-05-01,Salto del Agua,609045.0795584237,6,27
2025-06-01,Salto del Agua,613516.3773878027,18,16
2025-07-01,Salto del Agua,584686.9328454138,10,21
2025-08-01,Salto del Agua,621828.7551428049,17,13
2025-09-01,Salto del Agua,614999.9759454413,15,14
2025-10-01,Salto del Agua,679913.7396731066,14,33
2025-11-01,Salto del Agua,609968.644953445,15,18
2025-12-01,Salto del Agua,622585.6142795424,17,26
2026-01-01,Salto del Agua,587307.8317646394,10,25
2026-02-01,Salto del Agua,538195.4879073406,8,24
2026-03-01,Salto del Agua,568893.4370967607,13,28
2025-04-01,San Andrés Tomatlán,334329.5570866171,8,9
2025-05-01,San Andrés Tomatlán,338526.09890551306,8,7
2025-06-01,San Andrés Tomatlán,323776.7207165626,8,10
2025-07-01,San Andrés Tomatlán,329609.7522549303,6,7
2025-08-01,San Andrés Tomatlán,361143.6481124084,9,7
2025-09-01,San Andrés Tomatlán,384834.8603227143,4,11
2025-10-01,San Andrés Tomatlán,398509.93833202607,8,17
2025-11-01,San Andrés Tomatlán,375925.0699771172,3,13
2025-12-01,San Andrés Tomatlán,353349.8776566729,5,10
2026-01-01,San Andrés Tomatlán,356859.40227315854,6,14
2026-02-01,San Andrés Tomatlán,381528.613657955,6,10
2026-03-01,San Andrés Tomatlán,410084.08854865545,9,8
2025-04-01,San Antonio,349766.0508107258,6,15
2025-05-01,San Antonio,369415.025435832,7,14
2025-06-01,San Antonio,336651.97244882333,4,14
2025-07-01,San Antonio,343928.8758175489,6,7
2025-08-01,San Antonio,355310.76817538333,5,16
2025-09-01,San Antonio,350499.9081853132,4,13
2025-10-01,San Antonio,394188.09679223737,8,14
2025-11-01,San Antonio,379370.6612820277,8,14
2025-12-01,San Antonio,346857.1222276261,7,15
2026-01-01,San Antonio,386694.3254179347,7,14
2026-02-01,San Antonio,357382.6981153846,6,13
2026-03-01,San Antonio,387248.8392378397,10,19
2025-04-01,San Antonio Abad,521138.2128891469,10,22
2025-05-01,San Antonio Abad,545124.0031400837,10,18
2025-06-01,San Antonio Abad,525774.8731444651,5,21
2025-07-01,San Antonio Abad,519942.844493504,8,16
2025-08-01,San Antonio Abad,536606.7847678671,9,14
2025-09-01,San Antonio Abad,531932.9200489158,9,20
2025-10-01,San Antonio Abad,551760.3120907223,11,26
2025-11-01,San Antonio Abad,528794.6248484415,10,25
2025-12-01,San Antonio Abad,499856.9476284517,11,15
2026-01-01,San Antonio Abad,534708.5716008787,13,19
2026-02-01,San Antonio Abad,535016.8963858472,14,14
2026-03-01,San Antonio Abad,583145.2872833638,14,29
2025-04-01,San Cosme,613967.090155956,17,30
2025-05-01,San Cosme,713144.736196355,7,28
2025-06-01,San Cosme,649266.6449234518,9,28
2025-07-01,San Cosme,643967.2960960865,6,26
2025-08-01,San Cosme,654057.8254672794,15,24
2025-09-01,San Cosme,697103.0340382432,19,15
2025-10-01,San Cosme,758103.4044577839,11,25
2025-11-01,San Cosme,738911.8675774417,21,29
2025-12-01,San Cosme,687880.8150967595,7,27
2026-01-01,San Cosme,492157.4621299746,14,15
2026-02-01,San Cosme,540154.3082350487,9,26
2026-03-01,San Cosme,478232.766167236,5,11
2025-04-01,San Joaquín,703068.7488890644,13,24
2025-05-01,San Joaquín,746959.821489053,11,30
2025-06-01,San Joaquín,706986.7064026654,11,28
2025-07-01,San Joaquín,723355.7188225193,11,28
2025-08-01,San Joaquín,742728.2275817202,19,20
2025-09-01,San Joaquín,719396.2627039159,14,17
2025-10-01,San Joaquín,824429.2780610783,13,32
2025-11-01,San Joaquín,775803.1216532252,17,29
2025-12-01,San Joaquín,711717.2612987333,17,18
2026-01-01,San Joaquín,392367.1744839739,6,16
2026-02-01,San Joaquín,735669.8327760984,13,24
2026-03-01,San Joaquín,773907.6277326505,9,30
2025-04-01,San Juan de Letrán,573354.2098225934,7,25
2025-05-01,San Juan de Letrán,567980.7439637275,13,14
2025-06-01,San Juan de Letrán,587567.113042929,8,12
2025-07-01,San Juan de Letrán,602484.2340221022,12,26
2025-08-01,San Juan de Letrán,651952.2698668801,15,24
2025-09-01,San Juan de Letrán,606865.3010357887,7,24
2025-10-01,San Juan de Letrán,578954.9669867004,12,26
2025-11-01,San Juan de Letrán,589260.5832143062,8,25
2025-12-01,San Juan de Letrán,664867.4030420495,19,32
2026-01-01,San Juan de Letrán,576820.3229435256,11,20
2026-02-01,San Juan de Letrán,502062.9537690729,13,17
2026-03-01,San Juan de Letrán,533740.6474520488,11,17
2025-04-01,San Lázaro,479552.2830459047,5,11
2025-05-01,San Lázaro,892731.0558896061,20,33
2025-06-01,San Lázaro,651053.3182723991,18,18
2025-07-01,San Lázaro,838635.2554126526,18,39
2025-08-01,San Lázaro,1013784.8007524672,26,38
2025-09-01,San Lázaro,891860.2482033512,24,33
2025-10-01,San Lázaro,862392.7946777306,12,26
2025-11-01,San Lázaro,265085.0427566903,3,5
2025-12-01,San Lázaro,148502.85618672194,3,3
2026-01-01,San Lázaro,-4801.346856958175,0,0
2026-02-01,San Lázaro,-286826.82504798414,-7,-6
2026-03-01,San Lázaro,-55713.23342358298,-1,-2
2025-04-01,San Pedro de los Pinos,300070.5901886279,5,13
2025-05-01,San Pedro de los Pinos,332566.89228031645,4,15
2025-06-01,San Pedro de los Pinos,300126.17426715867,7,11
2025-07-01,San Pedro de los Pinos,309747.49215114955,4,8
2025-08-01,San Pedro de los Pinos,326587.225504728,8,14
2025-09-01,San Pedro de los Pinos,315233.9296389298,5,14
2025-10-01,San Pedro de los Pinos,346165.6019087354,8,8
2025-11-01,San Pedro de los Pinos,323127.9867727139,3,13
2025-12-01,San Pedro de los Pinos,285284.3635790471,6,8
2026-01-01,San Pedro de los Pinos,236777.60473463888,4,10
2026-02-01,San Pedro de los Pinos,304581.3671385635,6,15
2026-03-01,San Pedro de los Pinos,312557.48128220654,4,6
2025-04-01,Santa Anita,171066.25116863693,4,8
2025-05-01,Santa Anita,183435.1554365839,4,7
2025-06-01,Santa Anita,174876.7778048934,2,8
2025-07-01,Santa Anita,170991.6342471305,2,5
2025-08-01,Santa Anita,191651.355022605,2,8
2025-09-01,Santa Anita,174684.91756460734,3,3
2025-10-01,Santa Anita,182867.6223109861,4,5
2025-11-01,Santa Anita,173199.2237839504,3,3
2025-12-01,Santa Anita,161590.4314078806,2,7
2026-01-01,Santa Anita,159889.2422945754,2,7
2026-02-01,Santa Anita,160538.12383006897,3,7
2026-03-01,Santa Anita,171773.73658861764,3,8
2025-04-01,Santa Marta,827031.0066013398,24,18
2025-05-01,Santa Marta,910515.507988184,11,28
2025-06-01,Santa Marta,895929.4262017066,21,19
2025-07-01,Santa Marta,866589.5749403818,15,22
2025-08-01,Santa Marta,909984.8110366171,16,24
2025-09-01,Santa Marta,882164.8311130044,21,30
2025-10-01,Santa Marta,873413.3336644477,20,24
2025-11-01,Santa Marta,811320.3162148361,24,18
2025-12-01,Santa Marta,850534.854783966,10,21
2026-01-01,Santa Marta,920893.4977780678,11,22
2026-02-01,Santa Marta,926439.0062189176,22,45
2026-03-01,Santa Marta,972519.88966486,20,41
2025-04-01,Sevilla,-20361.827254544165,0,0
2025-05-01,Sevilla,-8723.83245993705,0,0
2025-06-01,Sevilla,-11190.27029895395,0,0
2025-07-01,Sevilla,-32430.91340598412,0,-1
2025-08-01,Sevilla,-29613.33925637685,0,0
2025-09-01,Sevilla,-27801.388254086392,0,0
2025-10-01,Sevilla,-19915.57633775035,0,0
2025-11-01,Sevilla,-59419.23112298295,-1,-1
2025-12-01,Sevilla,-73500.38686994513,0,-2
2026-01-01,Sevilla,-16031.118568798627,0,0
2026-02-01,Sevilla,6687.025726550748,0,0
2026-03-01,Sevilla,35613.83321574471,0,0
2025-04-01,Tacuba,1099332.8626635645,16,28
2025-05-01,Tacuba,1166908.4506470358,24,51
2025-06-01,Tacuba,1141431.8659980977,31,27
2025-07-01,Tacuba,1142304.860267029,26,34
2025-08-01,Tacuba,1193554.8731705132,24,54
2025-09-01,Tacuba,1171572.5764460834,19,28
2025-10-01,Tacuba,1229685.766967134,20,27
2025-11-01,Tacuba,1178845.2056282666,27,40
2025-12-01,Tacuba,1097523.0816644507,32,31
2026-01-01,Tacuba,1083873.960961084,25,39
2026-02-01,Tacuba,1115724.648588663,23,49
2026-03-01,Tacuba,1193328.327595258,29,28
2025-04-01,Tacubaya,1960010.7120983384,37,73
2025-05-01,Tacubaya,2072447.0167009511,23,72
2025-06-01,Tacubaya,1914432.6889972216,40,46
2025-07-01,Tacubaya,1981773.446526526,57,76
2025-08-01,Tacubaya,2101665.2413041475,28,59
2025-09-01,Tacubaya,1983968.0461530825,47,68
2025-10-01,Tacubaya,2037679.2964246648,28,45
2025-11-01,Tacubaya,1913434.8198346829,39,64
2025-12-01,Tacubaya,1899345.2309034632,22,55
2026-01-01,Tacubaya,1913913.836859004,36,85
2026-02-01,Tacubaya,1782350.74190819,44,38
2026-03-01,Tacubaya,1889453.46763992,32,61
2025-04-01,Talisman,76379.60702335514,1,2
2025-05-01,Talisman,85219.84391529627,2,3
2025-06-01,Talisman,82854.03495183539,2,3
2025-07-01,Talisman,73831.2955882447,1,2
2025-08-01,Talisman,63013.04118129311,1,2
2025-09-01,Talisman,82091.73690610233,1,3
2025-10-01,Talisman,89453.46506346464,2,2
2025-11-01,Talisman,83091.50140009391,2,3
2025-12-01,Talisman,85048.89063071685,1,3
2026-01-01,Talisman,82082.28632208647,2,4
2026-02-01,Talisman,77157.67551283774,1,3
2026-03-01,Talisman,72426.63218968008,1,2
2025-04-01,Tasqueña,1774783.0844343782,20,45
2025-05-01,Tasqueña,1891655.2382990583,47,65
2025-06-01,Tasqueña,1855367.8021935413,23,78
2025-07-01,Tasqueña,1848029.8591958235,49,64
2025-08-01,Tasqueña,1908039.7568308387,48,65
2025-09-01,Tasqueña,1823100.0937848163,44,82
2025-10-01,Tasqueña,1873396.4515491093,20,57
2025-11-01,Tasqueña,1849704.1334473183,29,84
2025-12-01,Tasqueña,1839660.1972476933,28,59
2026-01-01,Tasqueña,1760667.507089042,30,52
2026-02-01,Tasqueña,1851537.7849250173,21,62
2026-03-01,Tasqueña,1986999.20457082,57,85
2025-04-01,Tepalcates,717915.2610171034,15,17
2025-05-01,Tepalcates,773214.695710265,12,20
2025-06-01,Tepalcates,737158.4853803709,13,35
2025-07-01,Tepalcates,721641.7154926044,13,18
2025-08-01,Tepalcates,802342.8579666074,17,29
2025-09-01,Tepalcates,797683.307729973,16,29
2025-10-01,Tepalcates,825707.3815630954,23,28
2025-11-01,Tepalcates,807258.7472033235,16,31
2025-12-01,Tepalcates,794742.365706026,23,21
2026-01-01,Tepalcates,791147.5295204121,21,28
2026-02-01,Tepalcates,782254.0962379386,11,24
2026-03-01,Tepalcates,834236.0271391062,23,33
2025-04-01,Tepito,549485.3184152449,6,13
2025-05-01,Tepito,614243.6884317759,16,22
2025-06-01,Tepito,584933.7776691699,10,14
2025-07-01,Tepito,629437.0732790136,17,17
2025-08-01,Tepito,644945.4019301141,17,17
2025-09-01,Tepito,555239.0194675743,14,14
2025-10-01,Tepito,609808.824705983,15,27
2025-11-01,Tepito,639383.4886738276,10,18
2025-12-01,Tepito,867165.5886226501,10,41
2026-01-01,Tepito,541706.6922656854,9,26
2026-02-01,Tepito,505253.7945956626,6,18
2026-03-01,Tepito,496462.2962009964,11,12
2025-04-01,Terminal Aérea,396013.6488716374,6,12
2025-05-01,Terminal Aérea,423470.4989940136,12,18
2025-06-01,Terminal Aérea,402968.1578852373,9,12
2025-07-01,Terminal Aérea,410163.0901743596,10,9
2025-08-01,Terminal Aérea,427566.3336382842,5,15
2025-09-01,Terminal Aérea,407917.5425890912,11,18
2025-10-01,Terminal Aérea,360466.1605764264,10,15
2025-11-01,Terminal Aérea,399040.6107912304,7,10
2025-12-01,Terminal Aérea,404030.1721911964,8,16
2026-01-01,Terminal Aérea,337668.74704017123,8,8
2026-02-01,Terminal Aérea,355525.2151147431,4,9
2026-03-01,Terminal Aérea,375394.75999377447,7,17
2025-04-01,Tezonco,645128.1553192731,11,17
2025-05-01,Tezonco,614927.8045628743,7,17
2025-06-01,Tezonco,624916.3355892786,10,12
2025-07-01,Tezonco,639451.1162200216,7,29
2025-08-01,Tezonco,652631.0167051777,6,28
2025-09-01,Tezonco,660406.6641110906,8,25
2025-10-01,Tezonco,669498.826264659,19,28
2025-11-01,Tezonco,672955.0955506153,14,16
2025-12-01,Tezonco,674709.6154905068,19,22
2026-01-01,Tezonco,767234.9783513374,14,23
2026-02-01,Tezonco,894707.4994126894,14,20
2026-03-01,Tezonco,936470.4871814027,18,32
2025-04-01,Tezozómoc,153107.24562447658,2,7
2025-05-01,Tezozómoc,165805.5670673345,2,3
2025-06-01,Tezozómoc,157955.29079410178,3,4
2025-07-01,Tezozómoc,153855.0688315369,2,4
2025-08-01,Tezozómoc,161432.12527840066,3,4
2025-09-01,Tezozómoc,167102.15777963208,3,7
2025-10-01,Tezozómoc,173356.31474570764,2,5
2025-11-01,Tezozómoc,164358.8695594282,1,5
2025-12-01,Tezozómoc,156522.90092300714,4,6
2026-01-01,Tezozómoc,162802.05202890257,3,4
2026-02-01,Tezozómoc,163388.4620849184,1,5
2026-03-01,Tezozómoc,175253.96639208886,5,5
2025-04-01,Tlaltenco,139721.28637427447,1,5
2025-05-01,Tlaltenco,130102.53220124452,3,6
2025-06-01,Tlaltenco,126951.96119943495,3,5
2025-07-01,Tlaltenco,125148.54653830956,1,3
2025-08-01,Tlaltenco,123267.2917929392,1,5
2025-09-01,Tlaltenco,121007.17659559275,1,3
2025-10-01,Tlaltenco,119588.36414218176,1,2
2025-11-01,Tlaltenco,116745.67104780668,1,3
2025-12-01,Tlaltenco,114014.47511129828,2,3
2026-01-01,Tlaltenco,120998.7184358528,1,4
2026-02-01,Tlaltenco,151873.33275938613,3,5
2026-03-01,Tlaltenco,151966.3378067827,4,7
2025-04-01,Tlatelolco,433241.2111293249,11,15
2025-05-01,Tlatelolco,468751.49134877103,10,16
2025-06-01,Tlatelolco,452682.310508005,7,9
2025-07-01,Tlatelolco,452126.0367412078,10,9
2025-08-01,Tlatelolco,454406.5678903572,9,16
2025-09-01,Tlatelolco,462602.023746252,8,15
2025-10-01,Tlatelolco,480120.3352478265,6,21
2025-11-01,Tlatelolco,471442.9033518936,13,11
2025-12-01,Tlatelolco,453662.3551853711,8,9
2026-01-01,Tlatelolco,472052.6971057897,6,15
2026-02-01,Tlatelolco,467481.8912901664,8,12
2026-03-01,Tlatelolco,499172.4417826122,9,10
2025-04-01,Tláhuac,1732221.244737884,45,72
2025-05-01,Tláhuac,1711098.88097518,42,39
2025-06-01,Tláhuac,1753229.194333604,44,67
2025-07-01,Tláhuac,1795352.4862018472,18,51
2025-08-01,Tláhuac,1831755.9514575407,33,46
2025-09-01,Tláhuac,1855516.8136226945,36,58
2025-10-01,Tláhuac,1880093.1314114104,19,82
2025-11-01,Tláhuac,1891782.623165715,28,60
2025-12-01,Tláhuac,1900173.7882709089,47,80
2026-01-01,Tláhuac,2173919.227998252,27,51
2026-02-01,Tláhuac,2403867.740030278,49,103
2026-03-01,Tláhuac,2527667.259710205,36,68
2025-04-01,UAM-Azcapotzalco,184382.72964418912,1,7
2025-05-01,UAM-Azcapotzalco,205444.9781636785,3,7
2025-06-01,UAM-Azcapotzalco,209082.0249708049,6,10
2025-07-01,UAM-Azcapotzalco,190890.1711484236,4,6
2025-08-01,UAM-Azcapotzalco,209639.14030509384,6,4
2025-09-01,UAM-Azcapotzalco,217485.44443660456,4,4
2025-10-01,UAM-Azcapotzalco,219888.07635897613,2,9
2025-11-01,UAM-Azcapotzalco,204390.66589348897,4,7
2025-12-01,UAM-Azcapotzalco,194087.87672114905,3,8
2026-01-01,UAM-Azcapotzalco,197558.3501542017,5,5
2026-02-01,UAM-Azcapotzalco,196540.4519315941,2,5
2026-03-01,UAM-Azcapotzalco,200781.2522450444,3,4
2025-04-01,UAM-I,555366.5955878017,7,27
2025-05-01,UAM-I,644137.8421833422,10,25
2025-06-01,UAM-I,655396.0854811838,16,31
2025-07-01,UAM-I,542020.4490607027,10,15
2025-08-01,UAM-I,586762.1461810519,10,22
2025-09-01,UAM-I,591582.4722532624,10,23
2025-10-01,UAM-I,469750.6697122476,9,13
2025-11-01,UAM-I,491530.67205404944,12,22
2025-12-01,UAM-I,554723.4768686335,15,26
2026-01-01,UAM-I,530530.3812615939,15,24
2026-02-01,UAM-I,491731.1193593496,12,20
2026-03-01,UAM-I,521264.81614237657,8,14
2025-04-01,Universidad,1725462.979976851,41,49
2025-05-01,Universidad,1868506.641033262,35,91
2025-06-01,Universidad,1723975.789478734,26,35
2025-07-01,Universidad,1587193.4327030885,42,65
2025-08-01,Universidad,2012979.7948963973,21,82
2025-09-01,Universidad,1855871.106843588,52,71
2025-10-01,Universidad,1890965.6617472204,36,93
2025-11-01,Universidad,1831087.4871480693,41,53
2025-12-01,Universidad,1537589.06627356,35,46
2026-01-01,Universidad,1590735.3798459054,44,35
2026-02-01,Universidad,1867412.132960392,42,62
2026-03-01,Universidad,1907448.252037204,42,53
2025-04-01,Valle Gómez,110664.13572407396,1,3
2025-05-01,Valle Gómez,121703.10730359348,2,5
2025-06-01,Valle Gómez,119567.03777143976,1,5
2025-07-01,Valle Gómez,114520.836333957,2,2
2025-08-01,Valle Gómez,121779.23921077192,2,3
2025-09-01,Valle Gómez,125233.98104239524,2,5
2025-10-01,Valle Gómez,106581.77983419456,1,2
2025-11-01,Valle Gómez,119295.69736319824,1,2
2025-12-01,Valle Gómez,110055.5515952062,2,2
2026-01-01,Valle Gómez,111308.54469364298,1,4
2026-02-01,Valle Gómez,110714.62207012382,1,2
2026-03-01,Valle Gómez,111084.93172983264,1,5
2025-04-01,Vallejo,179460.3099864529,5,5
2025-05-01,Vallejo,195334.67650583945,4,6
2025-06-01,Vallejo,206471.96352882,3,5
2025-07-01,Vallejo,189356.1080308266,3,6
2025-08-01,Vallejo,200154.6021449757,3,7
2025-09-01,Vallejo,196411.04759821063,5,8
2025-10-01,Vallejo,201214.66815677704,4,8
2025-11-01,Vallejo,190669.72185014025,2,7
2025-12-01,Vallejo,178809.05933338482,2,8
2026-01-01,Vallejo,188000.5000503515,2,8
2026-02-01,Vallejo,174652.07584498604,4,7
2026-03-01,Vallejo,159381.75289267686,4,3
2025-04-01,Velódromo,-349682598.242412,-5350,-7065
2025-05-01,Velódromo,-127207858.45216487,-1325,-3354
2025-06-01,Velódromo,-268649780.12905407,-3128,-10720
2025-07-01,Velódromo,-178767464.89698395,-5248,-5780
2025-08-01,Velódromo,-235889987.14874485,-3752,-7565
2025-09-01,Velódromo,-199357481.3233393,-5060,-9277
2025-10-01,Velódromo,-222348785.565715,-5001,-10420
2025-11-01,Velódromo,-207728448.9135902,-3664,-9820
2025-12-01,Velódromo,-216508893.6820114,-3055,-6368
2026-01-01,Velódromo,-209685431.06559148,-2605,-8540
2026-02-01,Velódromo,-213555313.8870504,-4762,-6011
2026-03-01,Velódromo,-211147248.4404985,-5382,-5430
2025-04-01,Viaducto,447086.2763616005,10,11
2025-05-01,Viaducto,463901.8344446156,9,14
2025-06-01,Viaducto,455537.7073049136,4,14
2025-07-01,Viaducto,453443.4984615636,13,20
2025-08-01,Viaducto,460953.9040514648,11,10
2025-09-01,Viaducto,458467.8019096965,7,19
2025-10-01,Viaducto,477235.78352088935,14,17
2025-11-01,Viaducto,466227.1298225519,10,13
2025-12-01,Viaducto,469093.68975310656,10,16
2026-01-01,Viaducto,482920.1212128454,12,14
2026-02-01,Viaducto,487137.8134466888,12,18
2026-03-01,Viaducto,519388.3558826517,12,17
2025-04-01,Villa de Aragón,408373.6151384397,5,10
2025-05-01,Villa de Aragón,432064.1674728821,7,10
2025-06-01,Villa de Aragón,391117.608811534,11,14
2025-07-01,Villa de Aragón,309938.33043036173,4,14
2025-08-01,Villa de Aragón,371976.0640244405,6,11
2025-09-01,Villa de Aragón,462444.1363916428,8,19
2025-10-01,Villa de Aragón,484132.30501265946,9,19
2025-11-01,Villa de Aragón,437438.5888605632,9,20
2025-12-01,Villa de Aragón,355470.0171132756,10,15
2026-01-01,Villa de Aragón,345748.3161614762,5,12
2026-02-01,Villa de Aragón,408689.14784973057,5,16
2026-03-01,Villa de Aragón,460498.3783481884,6,21
2025-04-01,Villa de Cortés,490736.31231382943,13,15
2025-05-01,Villa de Cortés,496343.5837637606,11,14
2025-06-01,Villa de Cortés,498045.7616850982,7,10
2025-07-01,Villa de Cortés,500577.4143982945,13,22
2025-08-01,Villa de Cortés,501335.4262095701,13,22
2025-09-01,Villa de Cortés,505059.8031119905,13,11
2025-10-01,Villa de Cortés,512000.5967555911,14,19
2025-11-01,Villa de Cortés,508265.1765996457,7,17
2025-12-01,Villa de Cortés,500025.74000101176,12,11
2026-01-01,Villa de Cortés,528389.3882780174,10,26
2026-02-01,Villa de Cortés,539090.054726511,14,14
2026-03-01,Villa de Cortés,554201.6107374077,13,12
2025-04-01,Viveros/Derechos Humanos,546728.6800123786,13,20
2025-05-01,Viveros/Derechos Humanos,619074.4676642127,14,26
2025-06-01,Viveros/Derechos Humanos,618339.7658392158,8,12
2025-07-01,Viveros/Derechos Humanos,597546.6333129851,12,23
2025-08-01,Viveros/Derechos Humanos,620647.6898210911,18,22
2025-09-01,Viveros/Derechos Humanos,607839.1424880583,17,14
2025-10-01,Viveros/Derechos Humanos,645365.2868751516,7,16
2025-11-01,Viveros/Derechos Humanos,607946.0307028441,8,22
2025-12-01,Viveros/Derechos Humanos,574974.3553424284,7,16
2026-01-01,Viveros/Derechos Humanos,591743.864037833,14,28
2026-02-01,Viveros/Derechos Humanos,622418.0013572414,16,27
2026-03-01,Viveros/Derechos Humanos,623808.7721982729,8,30
2025-04-01,Xola,369485.4223281193,7,10
2025-05-01,Xola,447400.9798523544,11,21
2025-06-01,Xola,520569.3211595772,12,17
2025-07-01,Xola,546941.1531440297,11,16
2025-08-01,Xola,590613.680823291,12,12
2025-09-01,Xola,612719.0869900407,12,13
2025-10-01,Xola,632338.9537800238,10,25
2025-11-01,Xola,633558.0741175229,13,21
2025-12-01,Xola,610713.5259089577,14,16
2026-01-01,Xola,625414.7572641794,17,24
2026-02-01,Xola,627396.0169198886,14,17
2026-03-01,Xola,567529.9171580913,14,21
2025-04-01,Zapata,855279.8166789034,11,26
2025-05-01,Zapata,929245.564289132,17,41
2025-06-01,Zapata,889792.2372667647,9,39
2025-07-01,Zapata,886552.8525566051,13,30
2025-08-01,Zapata,936366.6683539308,22,28
2025-09-01,Zapata,917334.9711503251,27,28
2025-10-01,Zapata,971074.4760857648,11,42
2025-11-01,Zapata,926381.4110831468,16,27
2025-12-01,Zapata,871080.5451260139,22,22
2026-01-01,Zapata,908472.4114911044,12,20
2026-02-01,Zapata,891416.3441508474,18,30
2026-03-01,Zapata,956794.284657286,23,32
2025-04-01,Zapotitlán,374585.05098400905,8,16
2025-05-01,Zapotitlán,357135.351957157,4,9
2025-06-01,Zapotitlán,363053.2878659195,6,11
2025-07-01,Zapotitlán,371378.4556666806,9,16
2025-08-01,Zapotitlán,378531.1614479933,7,16
2025-09-01,Zapotitlán,382824.5839982303,3,12
2025-10-01,Zapotitlán,388531.6482473698,9,13
2025-11-01,Zapotitlán,389651.583404277,4,11
2025-12-01,Zapotitlán,390390.6891425057,9,18
2026-01-01,Zapotitlán,439719.38900020457,6,10
2026-02-01,Zapotitlán,527295.4049966236,15,25
2026-03-01,Zapotitlán,544726.4249874128,9,22
2025-04-01,Zaragoza,638929.758355333,10,22
2025-05-01,Zaragoza,640428.3602729045,8,13
2025-06-01,Zaragoza,635383.5837899563,10,21
2025-07-01,Zaragoza,562157.6530280508,15,18
2025-08-01,Zaragoza,534916.5809693361,16,13
2025-09-01,Zaragoza,532974.6779321835,9,21
2025-10-01,Zaragoza,543209.2010403208,10,26
2025-11-01,Zaragoza,603774.3932590145,14,22
2025-12-01,Zaragoza,631436.0741797498,17,26
2026-01-01,Zaragoza,740846.3373187326,16,16
2026-02-01,Zaragoza,738611.3892774516,13,24
2026-03-01,Zaragoza,775967.4872618269,14,18
2025-04-01,Zócalo/Tenochtitlan,1215547.275590175,29,46
2025-05-01,Zócalo/Tenochtitlan,1481189.648523483,14,71
2025-06-01,Zócalo/Tenochtitlan,923609.985065044,20,36
2025-07-01,Zócalo/Tenochtitlan,1404689.3084268817,24,31
2025-08-01,Zócalo/Tenochtitlan,1576274.2426708415,40,48
2025-09-01,Zócalo/Tenochtitlan,952795.120850229,11,34
2025-10-01,Zócalo/Tenochtitlan,1316179.2252784355,28,42
2025-11-01,Zócalo/Tenochtitlan,1085552.3221150178,21,48
2025-12-01,Zócalo/Tenochtitlan,1571174.4490718688,35,69
2026-01-01,Zócalo/Tenochtitlan,1179369.5782651694,13,45
2026-02-01,Zócalo/Tenochtitlan,1082860.5278662196,23,33
2026-03-01,Zócalo/Tenochtitlan,976985.0730053388,20,27
